Copyright 1986-2022 Xilinx, Inc. All Rights Reserved. Copyright 2022-2025 Advanced Micro Devices, Inc. All Rights Reserved.
---------------------------------------------------------------------------------------------------------------------------------------------------------------------------------------------------------------------------------
| Tool Version : Vivado v.2025.2 (lin64) Build 6299465 Fri Nov 14 12:34:56 MST 2025
| Date         : Sat Sep 19 16:04:23 2026
| Host         : dmas-pc running 64-bit Ubuntu 24.04.4 LTS
| Command      : report_timing_summary -max_paths 10 -routable_nets -report_unconstrained -file alu_top_timing_summary_routed.rpt -pb alu_top_timing_summary_routed.pb -rpx alu_top_timing_summary_routed.rpx -warn_on_violation
| Design       : alu_top
| Device       : 7z020-clg400
| Speed File   : -2  PRODUCTION 1.12 2019-11-22
| Design State : Routed
---------------------------------------------------------------------------------------------------------------------------------------------------------------------------------------------------------------------------------

Timing Summary Report

------------------------------------------------------------------------------------------------
| Timer Settings
| --------------
------------------------------------------------------------------------------------------------

  Enable Multi Corner Analysis               :  Yes
  Enable Pessimism Removal                   :  Yes
  Pessimism Removal Resolution               :  Nearest Common Node
  Enable Input Delay Default Clock           :  No
  Enable Preset / Clear Arcs                 :  No
  Disable Flight Delays                      :  No
  Ignore I/O Paths                           :  No
  Timing Early Launch at Borrowing Latches   :  No
  Borrow Time for Max Delay Exceptions       :  Yes
  Merge Timing Exceptions                    :  Yes
  Inter-SLR Compensation                     :  Conservative

  Corner  Analyze    Analyze    
  Name    Max Paths  Min Paths  
  ------  ---------  ---------  
  Slow    Yes        Yes        
  Fast    Yes        Yes        


------------------------------------------------------------------------------------------------
| Report Methodology
| ------------------
------------------------------------------------------------------------------------------------

Rule       Severity  Description                    Violations  
---------  --------  -----------------------------  ----------  
TIMING-18  Warning   Missing input or output delay  15          

Note: This report is based on the most recent report_methodology run and may not be up-to-date. Run report_methodology on the current design for the latest report.



check_timing report

Table of Contents
-----------------
1. checking no_clock (0)
2. checking constant_clock (0)
3. checking pulse_width_clock (0)
4. checking unconstrained_internal_endpoints (0)
5. checking no_input_delay (11)
6. checking no_output_delay (4)
7. checking multiple_clock (0)
8. checking generated_clocks (0)
9. checking loops (0)
10. checking partial_input_delay (0)
11. checking partial_output_delay (0)
12. checking latch_loops (0)

1. checking no_clock (0)
------------------------
 There are 0 register/latch pins with no clock.


2. checking constant_clock (0)
------------------------------
 There are 0 register/latch pins with constant_clock.


3. checking pulse_width_clock (0)
---------------------------------
 There are 0 register/latch pins which need pulse_width check


4. checking unconstrained_internal_endpoints (0)
------------------------------------------------
 There are 0 pins that are not constrained for maximum delay.

 There are 0 pins that are not constrained for maximum delay due to constant clock.


5. checking no_input_delay (11)
-------------------------------
 There are 11 input ports with no input delay specified. (HIGH)

 There are 0 input ports with no input delay but user has a false path constraint.


6. checking no_output_delay (4)
-------------------------------
 There are 4 ports with no output delay specified. (HIGH)

 There are 0 ports with no output delay but user has a false path constraint

 There are 0 ports with no output delay but with a timing clock defined on it or propagating through it


7. checking multiple_clock (0)
------------------------------
 There are 0 register/latch pins with multiple clocks.


8. checking generated_clocks (0)
--------------------------------
 There are 0 generated clocks that are not connected to a clock source.


9. checking loops (0)
---------------------
 There are 0 combinational loops in the design.


10. checking partial_input_delay (0)
------------------------------------
 There are 0 input ports with partial input delay specified.


11. checking partial_output_delay (0)
-------------------------------------
 There are 0 ports with partial output delay specified.


12. checking latch_loops (0)
----------------------------
 There are 0 combinational latch loops in the design through latch input



------------------------------------------------------------------------------------------------
| Design Timing Summary
| ---------------------
------------------------------------------------------------------------------------------------

    WNS(ns)      TNS(ns)  TNS Failing Endpoints  TNS Total Endpoints      WHS(ns)      THS(ns)  THS Failing Endpoints  THS Total Endpoints     WPWS(ns)     TPWS(ns)  TPWS Failing Endpoints  TPWS Total Endpoints  
    -------      -------  ---------------------  -------------------      -------      -------  ---------------------  -------------------     --------     --------  ----------------------  --------------------  
      8.045        0.000                      0                    4        0.142        0.000                      0                    4        4.500        0.000                       0                    15  


All user specified timing constraints are met.


------------------------------------------------------------------------------------------------
| Clock Summary
| -------------
------------------------------------------------------------------------------------------------

Clock  Waveform(ns)       Period(ns)      Frequency(MHz)
-----  ------------       ----------      --------------
clk    {0.000 5.000}      10.000          100.000         


------------------------------------------------------------------------------------------------
| Intra Clock Table
| -----------------
------------------------------------------------------------------------------------------------

Clock             WNS(ns)      TNS(ns)  TNS Failing Endpoints  TNS Total Endpoints      WHS(ns)      THS(ns)  THS Failing Endpoints  THS Total Endpoints     WPWS(ns)     TPWS(ns)  TPWS Failing Endpoints  TPWS Total Endpoints  
-----             -------      -------  ---------------------  -------------------      -------      -------  ---------------------  -------------------     --------     --------  ----------------------  --------------------  
clk                 8.045        0.000                      0                    4        0.142        0.000                      0                    4        4.500        0.000                       0                    15  


------------------------------------------------------------------------------------------------
| Inter Clock Table
| -----------------
------------------------------------------------------------------------------------------------

From Clock    To Clock          WNS(ns)      TNS(ns)  TNS Failing Endpoints  TNS Total Endpoints      WHS(ns)      THS(ns)  THS Failing Endpoints  THS Total Endpoints  
----------    --------          -------      -------  ---------------------  -------------------      -------      -------  ---------------------  -------------------  


------------------------------------------------------------------------------------------------
| Other Path Groups Table
| -----------------------
------------------------------------------------------------------------------------------------

Path Group    From Clock    To Clock          WNS(ns)      TNS(ns)  TNS Failing Endpoints  TNS Total Endpoints      WHS(ns)      THS(ns)  THS Failing Endpoints  THS Total Endpoints  
----------    ----------    --------          -------      -------  ---------------------  -------------------      -------      -------  ---------------------  -------------------  


------------------------------------------------------------------------------------------------
| User Ignored Path Table
| -----------------------
------------------------------------------------------------------------------------------------

Path Group    From Clock    To Clock    
----------    ----------    --------    


------------------------------------------------------------------------------------------------
| Unconstrained Path Table
| ------------------------
------------------------------------------------------------------------------------------------

Path Group    From Clock    To Clock    
----------    ----------    --------    
(none)                                    
(none)        clk                         
(none)                      clk           


------------------------------------------------------------------------------------------------
| Timing Details
| --------------
------------------------------------------------------------------------------------------------


---------------------------------------------------------------------------------------------------
From Clock:  clk
  To Clock:  clk

Setup :            0  Failing Endpoints,  Worst Slack        8.045ns,  Total Violation        0.000ns
Hold  :            0  Failing Endpoints,  Worst Slack        0.142ns,  Total Violation        0.000ns
PW    :            0  Failing Endpoints,  Worst Slack        4.500ns,  Total Violation        0.000ns
---------------------------------------------------------------------------------------------------


Max Delay Paths
--------------------------------------------------------------------------------------
Slack (MET) :             8.045ns  (required time - arrival time)
  Source:                 b_reg_reg[2]/C
                            (rising edge-triggered cell FDCE clocked by clk  {rise@0.000ns fall@5.000ns period=10.000ns})
  Destination:            result_reg_reg[3]/D
                            (rising edge-triggered cell FDCE clocked by clk  {rise@0.000ns fall@5.000ns period=10.000ns})
  Path Group:             clk
  Path Type:              Setup (Max at Slow Process Corner)
  Requirement:            10.000ns  (clk rise@10.000ns - clk rise@0.000ns)
  Data Path Delay:        1.968ns  (logic 0.735ns (37.352%)  route 1.233ns (62.648%))
  Logic Levels:           2  (LUT6=2)
  Clock Path Skew:        -0.028ns (DCD - SCD + CPR)
    Destination Clock Delay (DCD):    4.000ns = ( 14.000 - 10.000 ) 
    Source Clock Delay      (SCD):    4.468ns
    Clock Pessimism Removal (CPR):    0.441ns
  Clock Uncertainty:      0.035ns  ((TSJ^2 + TIJ^2)^1/2 + DJ) / 2 + PE
    Total System Jitter     (TSJ):    0.071ns
    Total Input Jitter      (TIJ):    0.000ns
    Discrete Jitter          (DJ):    0.000ns
    Phase Error              (PE):    0.000ns

    Location             Delay type                Incr(ns)  Path(ns)    Netlist Resource(s)
  -------------------------------------------------------------------    -------------------
                         (clock clk rise edge)        0.000     0.000 r  
    U7                                                0.000     0.000 r  clk (IN)
                         net (fo=0)                   0.000     0.000    clk
    U7                   IBUF (Prop_ibuf_I_O)         0.990     0.990 r  clk_IBUF_inst/O
                         net (fo=1, routed)           1.843     2.833    clk_IBUF
    BUFGCTRL_X0Y0        BUFG (Prop_bufg_I_O)         0.085     2.918 r  clk_IBUF_BUFG_inst/O
                         net (fo=14, routed)          1.550     4.468    clk_IBUF_BUFG
    SLICE_X0Y12          FDCE                                         r  b_reg_reg[2]/C
  -------------------------------------------------------------------    -------------------
    SLICE_X0Y12          FDCE (Prop_fdce_C_Q)         0.398     4.866 r  b_reg_reg[2]/Q
                         net (fo=3, routed)           0.682     5.549    b_reg[2]
    SLICE_X0Y13          LUT6 (Prop_lut6_I0_O)        0.232     5.781 r  result_reg[3]_i_3/O
                         net (fo=1, routed)           0.551     6.331    result_reg[3]_i_3_n_0
    SLICE_X0Y13          LUT6 (Prop_lut6_I1_O)        0.105     6.436 r  result_reg[3]_i_1/O
                         net (fo=1, routed)           0.000     6.436    alu_result[3]
    SLICE_X0Y13          FDCE                                         r  result_reg_reg[3]/D
  -------------------------------------------------------------------    -------------------

                         (clock clk rise edge)       10.000    10.000 r  
    U7                                                0.000    10.000 r  clk (IN)
                         net (fo=0)                   0.000    10.000    clk
    U7                   IBUF (Prop_ibuf_I_O)         0.859    10.859 r  clk_IBUF_inst/O
                         net (fo=1, routed)           1.673    12.532    clk_IBUF
    BUFGCTRL_X0Y0        BUFG (Prop_bufg_I_O)         0.077    12.609 r  clk_IBUF_BUFG_inst/O
                         net (fo=14, routed)          1.391    14.000    clk_IBUF_BUFG
    SLICE_X0Y13          FDCE                                         r  result_reg_reg[3]/C
                         clock pessimism              0.441    14.440    
                         clock uncertainty           -0.035    14.405    
    SLICE_X0Y13          FDCE (Setup_fdce_C_D)        0.076    14.481    result_reg_reg[3]
  -------------------------------------------------------------------
                         required time                         14.481    
                         arrival time                          -6.436    
  -------------------------------------------------------------------
                         slack                                  8.045    

Slack (MET) :             8.237ns  (required time - arrival time)
  Source:                 b_reg_reg[1]/C
                            (rising edge-triggered cell FDCE clocked by clk  {rise@0.000ns fall@5.000ns period=10.000ns})
  Destination:            result_reg_reg[2]/D
                            (rising edge-triggered cell FDCE clocked by clk  {rise@0.000ns fall@5.000ns period=10.000ns})
  Path Group:             clk
  Path Type:              Setup (Max at Slow Process Corner)
  Requirement:            10.000ns  (clk rise@10.000ns - clk rise@0.000ns)
  Data Path Delay:        1.772ns  (logic 0.761ns (42.952%)  route 1.011ns (57.048%))
  Logic Levels:           2  (LUT4=1 LUT6=1)
  Clock Path Skew:        -0.028ns (DCD - SCD + CPR)
    Destination Clock Delay (DCD):    4.000ns = ( 14.000 - 10.000 ) 
    Source Clock Delay      (SCD):    4.468ns
    Clock Pessimism Removal (CPR):    0.441ns
  Clock Uncertainty:      0.035ns  ((TSJ^2 + TIJ^2)^1/2 + DJ) / 2 + PE
    Total System Jitter     (TSJ):    0.071ns
    Total Input Jitter      (TIJ):    0.000ns
    Discrete Jitter          (DJ):    0.000ns
    Phase Error              (PE):    0.000ns

    Location             Delay type                Incr(ns)  Path(ns)    Netlist Resource(s)
  -------------------------------------------------------------------    -------------------
                         (clock clk rise edge)        0.000     0.000 r  
    U7                                                0.000     0.000 r  clk (IN)
                         net (fo=0)                   0.000     0.000    clk
    U7                   IBUF (Prop_ibuf_I_O)         0.990     0.990 r  clk_IBUF_inst/O
                         net (fo=1, routed)           1.843     2.833    clk_IBUF
    BUFGCTRL_X0Y0        BUFG (Prop_bufg_I_O)         0.085     2.918 r  clk_IBUF_BUFG_inst/O
                         net (fo=14, routed)          1.550     4.468    clk_IBUF_BUFG
    SLICE_X1Y12          FDCE                                         r  b_reg_reg[1]/C
  -------------------------------------------------------------------    -------------------
    SLICE_X1Y12          FDCE (Prop_fdce_C_Q)         0.379     4.847 f  b_reg_reg[1]/Q
                         net (fo=5, routed)           0.677     5.524    b_reg[1]
    SLICE_X1Y13          LUT4 (Prop_lut4_I0_O)        0.115     5.639 r  result_reg[2]_i_2/O
                         net (fo=1, routed)           0.334     5.973    result_reg[2]_i_2_n_0
    SLICE_X0Y13          LUT6 (Prop_lut6_I0_O)        0.267     6.240 r  result_reg[2]_i_1/O
                         net (fo=1, routed)           0.000     6.240    alu_result[2]
    SLICE_X0Y13          FDCE                                         r  result_reg_reg[2]/D
  -------------------------------------------------------------------    -------------------

                         (clock clk rise edge)       10.000    10.000 r  
    U7                                                0.000    10.000 r  clk (IN)
                         net (fo=0)                   0.000    10.000    clk
    U7                   IBUF (Prop_ibuf_I_O)         0.859    10.859 r  clk_IBUF_inst/O
                         net (fo=1, routed)           1.673    12.532    clk_IBUF
    BUFGCTRL_X0Y0        BUFG (Prop_bufg_I_O)         0.077    12.609 r  clk_IBUF_BUFG_inst/O
                         net (fo=14, routed)          1.391    14.000    clk_IBUF_BUFG
    SLICE_X0Y13          FDCE                                         r  result_reg_reg[2]/C
                         clock pessimism              0.441    14.440    
                         clock uncertainty           -0.035    14.405    
    SLICE_X0Y13          FDCE (Setup_fdce_C_D)        0.072    14.477    result_reg_reg[2]
  -------------------------------------------------------------------
                         required time                         14.477    
                         arrival time                          -6.240    
  -------------------------------------------------------------------
                         slack                                  8.237    

Slack (MET) :             8.679ns  (required time - arrival time)
  Source:                 op_reg_reg[1]/C
                            (rising edge-triggered cell FDCE clocked by clk  {rise@0.000ns fall@5.000ns period=10.000ns})
  Destination:            result_reg_reg[0]/D
                            (rising edge-triggered cell FDCE clocked by clk  {rise@0.000ns fall@5.000ns period=10.000ns})
  Path Group:             clk
  Path Type:              Setup (Max at Slow Process Corner)
  Requirement:            10.000ns  (clk rise@10.000ns - clk rise@0.000ns)
  Data Path Delay:        1.331ns  (logic 0.633ns (47.542%)  route 0.698ns (52.458%))
  Logic Levels:           1  (LUT4=1)
  Clock Path Skew:        -0.026ns (DCD - SCD + CPR)
    Destination Clock Delay (DCD):    4.001ns = ( 14.001 - 10.000 ) 
    Source Clock Delay      (SCD):    4.467ns
    Clock Pessimism Removal (CPR):    0.441ns
  Clock Uncertainty:      0.035ns  ((TSJ^2 + TIJ^2)^1/2 + DJ) / 2 + PE
    Total System Jitter     (TSJ):    0.071ns
    Total Input Jitter      (TIJ):    0.000ns
    Discrete Jitter          (DJ):    0.000ns
    Phase Error              (PE):    0.000ns

    Location             Delay type                Incr(ns)  Path(ns)    Netlist Resource(s)
  -------------------------------------------------------------------    -------------------
                         (clock clk rise edge)        0.000     0.000 r  
    U7                                                0.000     0.000 r  clk (IN)
                         net (fo=0)                   0.000     0.000    clk
    U7                   IBUF (Prop_ibuf_I_O)         0.990     0.990 r  clk_IBUF_inst/O
                         net (fo=1, routed)           1.843     2.833    clk_IBUF
    BUFGCTRL_X0Y0        BUFG (Prop_bufg_I_O)         0.085     2.918 r  clk_IBUF_BUFG_inst/O
                         net (fo=14, routed)          1.549     4.467    clk_IBUF_BUFG
    SLICE_X0Y13          FDCE                                         r  op_reg_reg[1]/C
  -------------------------------------------------------------------    -------------------
    SLICE_X0Y13          FDCE (Prop_fdce_C_Q)         0.398     4.865 r  op_reg_reg[1]/Q
                         net (fo=4, routed)           0.698     5.564    op_reg[1]
    SLICE_X0Y12          LUT4 (Prop_lut4_I2_O)        0.235     5.799 r  result_reg[0]_i_1/O
                         net (fo=1, routed)           0.000     5.799    alu_result[0]
    SLICE_X0Y12          FDCE                                         r  result_reg_reg[0]/D
  -------------------------------------------------------------------    -------------------

                         (clock clk rise edge)       10.000    10.000 r  
    U7                                                0.000    10.000 r  clk (IN)
                         net (fo=0)                   0.000    10.000    clk
    U7                   IBUF (Prop_ibuf_I_O)         0.859    10.859 r  clk_IBUF_inst/O
                         net (fo=1, routed)           1.673    12.532    clk_IBUF
    BUFGCTRL_X0Y0        BUFG (Prop_bufg_I_O)         0.077    12.609 r  clk_IBUF_BUFG_inst/O
                         net (fo=14, routed)          1.392    14.001    clk_IBUF_BUFG
    SLICE_X0Y12          FDCE                                         r  result_reg_reg[0]/C
                         clock pessimism              0.441    14.441    
                         clock uncertainty           -0.035    14.406    
    SLICE_X0Y12          FDCE (Setup_fdce_C_D)        0.072    14.478    result_reg_reg[0]
  -------------------------------------------------------------------
                         required time                         14.478    
                         arrival time                          -5.799    
  -------------------------------------------------------------------
                         slack                                  8.679    

Slack (MET) :             8.763ns  (required time - arrival time)
  Source:                 op_reg_reg[1]/C
                            (rising edge-triggered cell FDCE clocked by clk  {rise@0.000ns fall@5.000ns period=10.000ns})
  Destination:            result_reg_reg[1]/D
                            (rising edge-triggered cell FDCE clocked by clk  {rise@0.000ns fall@5.000ns period=10.000ns})
  Path Group:             clk
  Path Type:              Setup (Max at Slow Process Corner)
  Requirement:            10.000ns  (clk rise@10.000ns - clk rise@0.000ns)
  Data Path Delay:        1.251ns  (logic 0.633ns (50.588%)  route 0.618ns (49.412%))
  Logic Levels:           1  (LUT6=1)
  Clock Path Skew:        -0.026ns (DCD - SCD + CPR)
    Destination Clock Delay (DCD):    4.001ns = ( 14.001 - 10.000 ) 
    Source Clock Delay      (SCD):    4.467ns
    Clock Pessimism Removal (CPR):    0.441ns
  Clock Uncertainty:      0.035ns  ((TSJ^2 + TIJ^2)^1/2 + DJ) / 2 + PE
    Total System Jitter     (TSJ):    0.071ns
    Total Input Jitter      (TIJ):    0.000ns
    Discrete Jitter          (DJ):    0.000ns
    Phase Error              (PE):    0.000ns

    Location             Delay type                Incr(ns)  Path(ns)    Netlist Resource(s)
  -------------------------------------------------------------------    -------------------
                         (clock clk rise edge)        0.000     0.000 r  
    U7                                                0.000     0.000 r  clk (IN)
                         net (fo=0)                   0.000     0.000    clk
    U7                   IBUF (Prop_ibuf_I_O)         0.990     0.990 r  clk_IBUF_inst/O
                         net (fo=1, routed)           1.843     2.833    clk_IBUF
    BUFGCTRL_X0Y0        BUFG (Prop_bufg_I_O)         0.085     2.918 r  clk_IBUF_BUFG_inst/O
                         net (fo=14, routed)          1.549     4.467    clk_IBUF_BUFG
    SLICE_X0Y13          FDCE                                         r  op_reg_reg[1]/C
  -------------------------------------------------------------------    -------------------
    SLICE_X0Y13          FDCE (Prop_fdce_C_Q)         0.398     4.865 r  op_reg_reg[1]/Q
                         net (fo=4, routed)           0.618     5.484    op_reg[1]
    SLICE_X0Y12          LUT6 (Prop_lut6_I4_O)        0.235     5.719 r  result_reg[1]_i_1/O
                         net (fo=1, routed)           0.000     5.719    alu_result[1]
    SLICE_X0Y12          FDCE                                         r  result_reg_reg[1]/D
  -------------------------------------------------------------------    -------------------

                         (clock clk rise edge)       10.000    10.000 r  
    U7                                                0.000    10.000 r  clk (IN)
                         net (fo=0)                   0.000    10.000    clk
    U7                   IBUF (Prop_ibuf_I_O)         0.859    10.859 r  clk_IBUF_inst/O
                         net (fo=1, routed)           1.673    12.532    clk_IBUF
    BUFGCTRL_X0Y0        BUFG (Prop_bufg_I_O)         0.077    12.609 r  clk_IBUF_BUFG_inst/O
                         net (fo=14, routed)          1.392    14.001    clk_IBUF_BUFG
    SLICE_X0Y12          FDCE                                         r  result_reg_reg[1]/C
                         clock pessimism              0.441    14.441    
                         clock uncertainty           -0.035    14.406    
    SLICE_X0Y12          FDCE (Setup_fdce_C_D)        0.076    14.482    result_reg_reg[1]
  -------------------------------------------------------------------
                         required time                         14.482    
                         arrival time                          -5.719    
  -------------------------------------------------------------------
                         slack                                  8.763    





Min Delay Paths
--------------------------------------------------------------------------------------
Slack (MET) :             0.142ns  (arrival time - required time)
  Source:                 a_reg_reg[3]/C
                            (rising edge-triggered cell FDCE clocked by clk  {rise@0.000ns fall@5.000ns period=10.000ns})
  Destination:            result_reg_reg[3]/D
                            (rising edge-triggered cell FDCE clocked by clk  {rise@0.000ns fall@5.000ns period=10.000ns})
  Path Group:             clk
  Path Type:              Hold (Min at Fast Process Corner)
  Requirement:            0.000ns  (clk rise@0.000ns - clk rise@0.000ns)
  Data Path Delay:        0.276ns  (logic 0.186ns (67.282%)  route 0.090ns (32.718%))
  Logic Levels:           1  (LUT6=1)
  Clock Path Skew:        0.013ns (DCD - SCD - CPR)
    Destination Clock Delay (DCD):    2.112ns
    Source Clock Delay      (SCD):    1.594ns
    Clock Pessimism Removal (CPR):    0.505ns

    Location             Delay type                Incr(ns)  Path(ns)    Netlist Resource(s)
  -------------------------------------------------------------------    -------------------
                         (clock clk rise edge)        0.000     0.000 r  
    U7                                                0.000     0.000 r  clk (IN)
                         net (fo=0)                   0.000     0.000    clk
    U7                   IBUF (Prop_ibuf_I_O)         0.286     0.286 r  clk_IBUF_inst/O
                         net (fo=1, routed)           0.663     0.949    clk_IBUF
    BUFGCTRL_X0Y0        BUFG (Prop_bufg_I_O)         0.026     0.975 r  clk_IBUF_BUFG_inst/O
                         net (fo=14, routed)          0.619     1.594    clk_IBUF_BUFG
    SLICE_X1Y13          FDCE                                         r  a_reg_reg[3]/C
  -------------------------------------------------------------------    -------------------
    SLICE_X1Y13          FDCE (Prop_fdce_C_Q)         0.141     1.735 r  a_reg_reg[3]/Q
                         net (fo=1, routed)           0.090     1.826    a_reg[3]
    SLICE_X0Y13          LUT6 (Prop_lut6_I3_O)        0.045     1.871 r  result_reg[3]_i_1/O
                         net (fo=1, routed)           0.000     1.871    alu_result[3]
    SLICE_X0Y13          FDCE                                         r  result_reg_reg[3]/D
  -------------------------------------------------------------------    -------------------

                         (clock clk rise edge)        0.000     0.000 r  
    U7                                                0.000     0.000 r  clk (IN)
                         net (fo=0)                   0.000     0.000    clk
    U7                   IBUF (Prop_ibuf_I_O)         0.476     0.476 r  clk_IBUF_inst/O
                         net (fo=1, routed)           0.719     1.195    clk_IBUF
    BUFGCTRL_X0Y0        BUFG (Prop_bufg_I_O)         0.029     1.224 r  clk_IBUF_BUFG_inst/O
                         net (fo=14, routed)          0.888     2.112    clk_IBUF_BUFG
    SLICE_X0Y13          FDCE                                         r  result_reg_reg[3]/C
                         clock pessimism             -0.505     1.607    
    SLICE_X0Y13          FDCE (Hold_fdce_C_D)         0.121     1.728    result_reg_reg[3]
  -------------------------------------------------------------------
                         required time                         -1.728    
                         arrival time                           1.871    
  -------------------------------------------------------------------
                         slack                                  0.142    

Slack (MET) :             0.154ns  (arrival time - required time)
  Source:                 a_reg_reg[1]/C
                            (rising edge-triggered cell FDCE clocked by clk  {rise@0.000ns fall@5.000ns period=10.000ns})
  Destination:            result_reg_reg[1]/D
                            (rising edge-triggered cell FDCE clocked by clk  {rise@0.000ns fall@5.000ns period=10.000ns})
  Path Group:             clk
  Path Type:              Hold (Min at Fast Process Corner)
  Requirement:            0.000ns  (clk rise@0.000ns - clk rise@0.000ns)
  Data Path Delay:        0.288ns  (logic 0.186ns (64.558%)  route 0.102ns (35.442%))
  Logic Levels:           1  (LUT6=1)
  Clock Path Skew:        0.013ns (DCD - SCD - CPR)
    Destination Clock Delay (DCD):    2.113ns
    Source Clock Delay      (SCD):    1.595ns
    Clock Pessimism Removal (CPR):    0.505ns

    Location             Delay type                Incr(ns)  Path(ns)    Netlist Resource(s)
  -------------------------------------------------------------------    -------------------
                         (clock clk rise edge)        0.000     0.000 r  
    U7                                                0.000     0.000 r  clk (IN)
                         net (fo=0)                   0.000     0.000    clk
    U7                   IBUF (Prop_ibuf_I_O)         0.286     0.286 r  clk_IBUF_inst/O
                         net (fo=1, routed)           0.663     0.949    clk_IBUF
    BUFGCTRL_X0Y0        BUFG (Prop_bufg_I_O)         0.026     0.975 r  clk_IBUF_BUFG_inst/O
                         net (fo=14, routed)          0.620     1.595    clk_IBUF_BUFG
    SLICE_X1Y12          FDCE                                         r  a_reg_reg[1]/C
  -------------------------------------------------------------------    -------------------
    SLICE_X1Y12          FDCE (Prop_fdce_C_Q)         0.141     1.736 r  a_reg_reg[1]/Q
                         net (fo=5, routed)           0.102     1.838    a_reg[1]
    SLICE_X0Y12          LUT6 (Prop_lut6_I3_O)        0.045     1.883 r  result_reg[1]_i_1/O
                         net (fo=1, routed)           0.000     1.883    alu_result[1]
    SLICE_X0Y12          FDCE                                         r  result_reg_reg[1]/D
  -------------------------------------------------------------------    -------------------

                         (clock clk rise edge)        0.000     0.000 r  
    U7                                                0.000     0.000 r  clk (IN)
                         net (fo=0)                   0.000     0.000    clk
    U7                   IBUF (Prop_ibuf_I_O)         0.476     0.476 r  clk_IBUF_inst/O
                         net (fo=1, routed)           0.719     1.195    clk_IBUF
    BUFGCTRL_X0Y0        BUFG (Prop_bufg_I_O)         0.029     1.224 r  clk_IBUF_BUFG_inst/O
                         net (fo=14, routed)          0.889     2.113    clk_IBUF_BUFG
    SLICE_X0Y12          FDCE                                         r  result_reg_reg[1]/C
                         clock pessimism             -0.505     1.608    
    SLICE_X0Y12          FDCE (Hold_fdce_C_D)         0.121     1.729    result_reg_reg[1]
  -------------------------------------------------------------------
                         required time                         -1.729    
                         arrival time                           1.883    
  -------------------------------------------------------------------
                         slack                                  0.154    

Slack (MET) :             0.208ns  (arrival time - required time)
  Source:                 op_reg_reg[0]/C
                            (rising edge-triggered cell FDCE clocked by clk  {rise@0.000ns fall@5.000ns period=10.000ns})
  Destination:            result_reg_reg[2]/D
                            (rising edge-triggered cell FDCE clocked by clk  {rise@0.000ns fall@5.000ns period=10.000ns})
  Path Group:             clk
  Path Type:              Hold (Min at Fast Process Corner)
  Requirement:            0.000ns  (clk rise@0.000ns - clk rise@0.000ns)
  Data Path Delay:        0.328ns  (logic 0.246ns (74.898%)  route 0.082ns (25.102%))
  Logic Levels:           1  (LUT6=1)
  Clock Path Skew:        0.000ns (DCD - SCD - CPR)
    Destination Clock Delay (DCD):    2.112ns
    Source Clock Delay      (SCD):    1.594ns
    Clock Pessimism Removal (CPR):    0.518ns

    Location             Delay type                Incr(ns)  Path(ns)    Netlist Resource(s)
  -------------------------------------------------------------------    -------------------
                         (clock clk rise edge)        0.000     0.000 r  
    U7                                                0.000     0.000 r  clk (IN)
                         net (fo=0)                   0.000     0.000    clk
    U7                   IBUF (Prop_ibuf_I_O)         0.286     0.286 r  clk_IBUF_inst/O
                         net (fo=1, routed)           0.663     0.949    clk_IBUF
    BUFGCTRL_X0Y0        BUFG (Prop_bufg_I_O)         0.026     0.975 r  clk_IBUF_BUFG_inst/O
                         net (fo=14, routed)          0.619     1.594    clk_IBUF_BUFG
    SLICE_X0Y13          FDCE                                         r  op_reg_reg[0]/C
  -------------------------------------------------------------------    -------------------
    SLICE_X0Y13          FDCE (Prop_fdce_C_Q)         0.148     1.742 r  op_reg_reg[0]/Q
                         net (fo=4, routed)           0.082     1.825    op_reg[0]
    SLICE_X0Y13          LUT6 (Prop_lut6_I5_O)        0.098     1.923 r  result_reg[2]_i_1/O
                         net (fo=1, routed)           0.000     1.923    alu_result[2]
    SLICE_X0Y13          FDCE                                         r  result_reg_reg[2]/D
  -------------------------------------------------------------------    -------------------

                         (clock clk rise edge)        0.000     0.000 r  
    U7                                                0.000     0.000 r  clk (IN)
                         net (fo=0)                   0.000     0.000    clk
    U7                   IBUF (Prop_ibuf_I_O)         0.476     0.476 r  clk_IBUF_inst/O
                         net (fo=1, routed)           0.719     1.195    clk_IBUF
    BUFGCTRL_X0Y0        BUFG (Prop_bufg_I_O)         0.029     1.224 r  clk_IBUF_BUFG_inst/O
                         net (fo=14, routed)          0.888     2.112    clk_IBUF_BUFG
    SLICE_X0Y13          FDCE                                         r  result_reg_reg[2]/C
                         clock pessimism             -0.518     1.594    
    SLICE_X0Y13          FDCE (Hold_fdce_C_D)         0.120     1.714    result_reg_reg[2]
  -------------------------------------------------------------------
                         required time                         -1.714    
                         arrival time                           1.923    
  -------------------------------------------------------------------
                         slack                                  0.208    

Slack (MET) :             0.252ns  (arrival time - required time)
  Source:                 op_reg_reg[0]/C
                            (rising edge-triggered cell FDCE clocked by clk  {rise@0.000ns fall@5.000ns period=10.000ns})
  Destination:            result_reg_reg[0]/D
                            (rising edge-triggered cell FDCE clocked by clk  {rise@0.000ns fall@5.000ns period=10.000ns})
  Path Group:             clk
  Path Type:              Hold (Min at Fast Process Corner)
  Requirement:            0.000ns  (clk rise@0.000ns - clk rise@0.000ns)
  Data Path Delay:        0.388ns  (logic 0.246ns (63.334%)  route 0.142ns (36.666%))
  Logic Levels:           1  (LUT4=1)
  Clock Path Skew:        0.016ns (DCD - SCD - CPR)
    Destination Clock Delay (DCD):    2.113ns
    Source Clock Delay      (SCD):    1.594ns
    Clock Pessimism Removal (CPR):    0.503ns

    Location             Delay type                Incr(ns)  Path(ns)    Netlist Resource(s)
  -------------------------------------------------------------------    -------------------
                         (clock clk rise edge)        0.000     0.000 r  
    U7                                                0.000     0.000 r  clk (IN)
                         net (fo=0)                   0.000     0.000    clk
    U7                   IBUF (Prop_ibuf_I_O)         0.286     0.286 r  clk_IBUF_inst/O
                         net (fo=1, routed)           0.663     0.949    clk_IBUF
    BUFGCTRL_X0Y0        BUFG (Prop_bufg_I_O)         0.026     0.975 r  clk_IBUF_BUFG_inst/O
                         net (fo=14, routed)          0.619     1.594    clk_IBUF_BUFG
    SLICE_X0Y13          FDCE                                         r  op_reg_reg[0]/C
  -------------------------------------------------------------------    -------------------
    SLICE_X0Y13          FDCE (Prop_fdce_C_Q)         0.148     1.742 r  op_reg_reg[0]/Q
                         net (fo=4, routed)           0.142     1.884    op_reg[0]
    SLICE_X0Y12          LUT4 (Prop_lut4_I3_O)        0.098     1.982 r  result_reg[0]_i_1/O
                         net (fo=1, routed)           0.000     1.982    alu_result[0]
    SLICE_X0Y12          FDCE                                         r  result_reg_reg[0]/D
  -------------------------------------------------------------------    -------------------

                         (clock clk rise edge)        0.000     0.000 r  
    U7                                                0.000     0.000 r  clk (IN)
                         net (fo=0)                   0.000     0.000    clk
    U7                   IBUF (Prop_ibuf_I_O)         0.476     0.476 r  clk_IBUF_inst/O
                         net (fo=1, routed)           0.719     1.195    clk_IBUF
    BUFGCTRL_X0Y0        BUFG (Prop_bufg_I_O)         0.029     1.224 r  clk_IBUF_BUFG_inst/O
                         net (fo=14, routed)          0.889     2.113    clk_IBUF_BUFG
    SLICE_X0Y12          FDCE                                         r  result_reg_reg[0]/C
                         clock pessimism             -0.503     1.610    
    SLICE_X0Y12          FDCE (Hold_fdce_C_D)         0.120     1.730    result_reg_reg[0]
  -------------------------------------------------------------------
                         required time                         -1.730    
                         arrival time                           1.982    
  -------------------------------------------------------------------
                         slack                                  0.252    





Pulse Width Checks
--------------------------------------------------------------------------------------
Clock Name:         clk
Waveform(ns):       { 0.000 5.000 }
Period(ns):         10.000
Sources:            { clk }

Check Type        Corner  Lib Pin  Reference Pin  Required(ns)  Actual(ns)  Slack(ns)  Location       Pin
Min Period        n/a     BUFG/I   n/a            1.592         10.000      8.408      BUFGCTRL_X0Y0  clk_IBUF_BUFG_inst/I
Min Period        n/a     FDCE/C   n/a            1.000         10.000      9.000      SLICE_X0Y11    a_reg_reg[0]/C
Min Period        n/a     FDCE/C   n/a            1.000         10.000      9.000      SLICE_X1Y12    a_reg_reg[1]/C
Min Period        n/a     FDCE/C   n/a            1.000         10.000      9.000      SLICE_X1Y12    a_reg_reg[2]/C
Min Period        n/a     FDCE/C   n/a            1.000         10.000      9.000      SLICE_X1Y13    a_reg_reg[3]/C
Min Period        n/a     FDCE/C   n/a            1.000         10.000      9.000      SLICE_X1Y12    b_reg_reg[0]/C
Min Period        n/a     FDCE/C   n/a            1.000         10.000      9.000      SLICE_X1Y12    b_reg_reg[1]/C
Min Period        n/a     FDCE/C   n/a            1.000         10.000      9.000      SLICE_X0Y12    b_reg_reg[2]/C
Min Period        n/a     FDCE/C   n/a            1.000         10.000      9.000      SLICE_X0Y12    b_reg_reg[3]/C
Min Period        n/a     FDCE/C   n/a            1.000         10.000      9.000      SLICE_X0Y13    op_reg_reg[0]/C
Low Pulse Width   Slow    FDCE/C   n/a            0.500         5.000       4.500      SLICE_X0Y11    a_reg_reg[0]/C
Low Pulse Width   Fast    FDCE/C   n/a            0.500         5.000       4.500      SLICE_X0Y11    a_reg_reg[0]/C
Low Pulse Width   Slow    FDCE/C   n/a            0.500         5.000       4.500      SLICE_X1Y12    a_reg_reg[1]/C
Low Pulse Width   Fast    FDCE/C   n/a            0.500         5.000       4.500      SLICE_X1Y12    a_reg_reg[1]/C
Low Pulse Width   Slow    FDCE/C   n/a            0.500         5.000       4.500      SLICE_X1Y12    a_reg_reg[2]/C
Low Pulse Width   Fast    FDCE/C   n/a            0.500         5.000       4.500      SLICE_X1Y12    a_reg_reg[2]/C
Low Pulse Width   Slow    FDCE/C   n/a            0.500         5.000       4.500      SLICE_X1Y13    a_reg_reg[3]/C
Low Pulse Width   Fast    FDCE/C   n/a            0.500         5.000       4.500      SLICE_X1Y13    a_reg_reg[3]/C
Low Pulse Width   Slow    FDCE/C   n/a            0.500         5.000       4.500      SLICE_X1Y12    b_reg_reg[0]/C
Low Pulse Width   Fast    FDCE/C   n/a            0.500         5.000       4.500      SLICE_X1Y12    b_reg_reg[0]/C
High Pulse Width  Slow    FDCE/C   n/a            0.500         5.000       4.500      SLICE_X0Y11    a_reg_reg[0]/C
High Pulse Width  Fast    FDCE/C   n/a            0.500         5.000       4.500      SLICE_X0Y11    a_reg_reg[0]/C
High Pulse Width  Slow    FDCE/C   n/a            0.500         5.000       4.500      SLICE_X1Y12    a_reg_reg[1]/C
High Pulse Width  Fast    FDCE/C   n/a            0.500         5.000       4.500      SLICE_X1Y12    a_reg_reg[1]/C
High Pulse Width  Slow    FDCE/C   n/a            0.500         5.000       4.500      SLICE_X1Y12    a_reg_reg[2]/C
High Pulse Width  Fast    FDCE/C   n/a            0.500         5.000       4.500      SLICE_X1Y12    a_reg_reg[2]/C
High Pulse Width  Slow    FDCE/C   n/a            0.500         5.000       4.500      SLICE_X1Y13    a_reg_reg[3]/C
High Pulse Width  Fast    FDCE/C   n/a            0.500         5.000       4.500      SLICE_X1Y13    a_reg_reg[3]/C
High Pulse Width  Slow    FDCE/C   n/a            0.500         5.000       4.500      SLICE_X1Y12    b_reg_reg[0]/C
High Pulse Width  Fast    FDCE/C   n/a            0.500         5.000       4.500      SLICE_X1Y12    b_reg_reg[0]/C



--------------------------------------------------------------------------------------
Path Group:  (none)
From Clock:  
  To Clock:  

Max Delay             4 Endpoints
Min Delay             4 Endpoints
--------------------------------------------------------------------------------------


Max Delay Paths
--------------------------------------------------------------------------------------
Slack:                    inf
  Source:                 oe
                            (input port)
  Destination:            result[3]
                            (output port)
  Path Group:             (none)
  Path Type:              Max at Slow Process Corner
  Data Path Delay:        6.343ns  (logic 3.534ns (55.718%)  route 2.809ns (44.282%))
  Logic Levels:           3  (IBUF=1 LUT1=1 OBUFT=1)

    Location             Delay type                Incr(ns)  Path(ns)    Netlist Resource(s)
  -------------------------------------------------------------------    -------------------
    U8                                                0.000     0.000 r  oe (IN)
                         net (fo=0)                   0.000     0.000    oe
    U8                   IBUF (Prop_ibuf_I_O)         0.936     0.936 r  oe_IBUF_inst/O
                         net (fo=1, routed)           0.985     1.921    oe_IBUF
    SLICE_X0Y16          LUT1 (Prop_lut1_I0_O)        0.105     2.026 f  result_OBUFT[3]_inst_i_1/O
                         net (fo=4, routed)           1.824     3.849    result_TRI[0]
    V8                   OBUFT (TriStatE_obuft_T_O)
                                                      2.493     6.343 r  result_OBUFT[3]_inst/O
                         net (fo=0)                   0.000     6.343    result[3]
    V8                                                                r  result[3] (OUT)
  -------------------------------------------------------------------    -------------------

Slack:                    inf
  Source:                 oe
                            (input port)
  Destination:            result[2]
                            (output port)
  Path Group:             (none)
  Path Type:              Max at Slow Process Corner
  Data Path Delay:        6.233ns  (logic 3.534ns (56.703%)  route 2.699ns (43.297%))
  Logic Levels:           3  (IBUF=1 LUT1=1 OBUFT=1)

    Location             Delay type                Incr(ns)  Path(ns)    Netlist Resource(s)
  -------------------------------------------------------------------    -------------------
    U8                                                0.000     0.000 r  oe (IN)
                         net (fo=0)                   0.000     0.000    oe
    U8                   IBUF (Prop_ibuf_I_O)         0.936     0.936 r  oe_IBUF_inst/O
                         net (fo=1, routed)           0.985     1.921    oe_IBUF
    SLICE_X0Y16          LUT1 (Prop_lut1_I0_O)        0.105     2.026 f  result_OBUFT[3]_inst_i_1/O
                         net (fo=4, routed)           1.714     3.739    result_TRI[0]
    W8                   OBUFT (TriStatE_obuft_T_O)
                                                      2.493     6.233 r  result_OBUFT[2]_inst/O
                         net (fo=0)                   0.000     6.233    result[2]
    W8                                                                r  result[2] (OUT)
  -------------------------------------------------------------------    -------------------

Slack:                    inf
  Source:                 oe
                            (input port)
  Destination:            result[1]
                            (output port)
  Path Group:             (none)
  Path Type:              Max at Slow Process Corner
  Data Path Delay:        6.080ns  (logic 3.501ns (57.572%)  route 2.580ns (42.428%))
  Logic Levels:           3  (IBUF=1 LUT1=1 OBUFT=1)

    Location             Delay type                Incr(ns)  Path(ns)    Netlist Resource(s)
  -------------------------------------------------------------------    -------------------
    U8                                                0.000     0.000 r  oe (IN)
                         net (fo=0)                   0.000     0.000    oe
    U8                   IBUF (Prop_ibuf_I_O)         0.936     0.936 r  oe_IBUF_inst/O
                         net (fo=1, routed)           0.985     1.921    oe_IBUF
    SLICE_X0Y16          LUT1 (Prop_lut1_I0_O)        0.105     2.026 f  result_OBUFT[3]_inst_i_1/O
                         net (fo=4, routed)           1.595     3.621    result_TRI[0]
    W10                  OBUFT (TriStatE_obuft_T_O)
                                                      2.460     6.080 r  result_OBUFT[1]_inst/O
                         net (fo=0)                   0.000     6.080    result[1]
    W10                                                               r  result[1] (OUT)
  -------------------------------------------------------------------    -------------------

Slack:                    inf
  Source:                 oe
                            (input port)
  Destination:            result[0]
                            (output port)
  Path Group:             (none)
  Path Type:              Max at Slow Process Corner
  Data Path Delay:        5.944ns  (logic 3.483ns (58.597%)  route 2.461ns (41.403%))
  Logic Levels:           3  (IBUF=1 LUT1=1 OBUFT=1)

    Location             Delay type                Incr(ns)  Path(ns)    Netlist Resource(s)
  -------------------------------------------------------------------    -------------------
    U8                                                0.000     0.000 r  oe (IN)
                         net (fo=0)                   0.000     0.000    oe
    U8                   IBUF (Prop_ibuf_I_O)         0.936     0.936 r  oe_IBUF_inst/O
                         net (fo=1, routed)           0.985     1.921    oe_IBUF
    SLICE_X0Y16          LUT1 (Prop_lut1_I0_O)        0.105     2.026 f  result_OBUFT[3]_inst_i_1/O
                         net (fo=4, routed)           1.476     3.502    result_TRI[0]
    W9                   OBUFT (TriStatE_obuft_T_O)
                                                      2.442     5.944 r  result_OBUFT[0]_inst/O
                         net (fo=0)                   0.000     5.944    result[0]
    W9                                                                r  result[0] (OUT)
  -------------------------------------------------------------------    -------------------





Min Delay Paths
--------------------------------------------------------------------------------------
Slack:                    inf
  Source:                 oe
                            (input port)
  Destination:            result[0]
                            (output port)
  Path Group:             (none)
  Path Type:              Min at Fast Process Corner
  Data Path Delay:        2.171ns  (logic 1.101ns (50.722%)  route 1.070ns (49.278%))
  Logic Levels:           3  (IBUF=1 LUT1=1 OBUFT=1)

    Location             Delay type                Incr(ns)  Path(ns)    Netlist Resource(s)
  -------------------------------------------------------------------    -------------------
    U8                                                0.000     0.000 f  oe (IN)
                         net (fo=0)                   0.000     0.000    oe
    U8                   IBUF (Prop_ibuf_I_O)         0.232     0.232 f  oe_IBUF_inst/O
                         net (fo=1, routed)           0.449     0.681    oe_IBUF
    SLICE_X0Y16          LUT1 (Prop_lut1_I0_O)        0.045     0.726 r  result_OBUFT[3]_inst_i_1/O
                         net (fo=4, routed)           0.621     1.347    result_TRI[0]
    W9                   OBUFT (TriStatD_obuft_T_O)
                                                      0.824     2.171 r  result_OBUFT[0]_inst/O
                         net (fo=0)                   0.000     2.171    result[0]
    W9                                                                r  result[0] (OUT)
  -------------------------------------------------------------------    -------------------

Slack:                    inf
  Source:                 oe
                            (input port)
  Destination:            result[1]
                            (output port)
  Path Group:             (none)
  Path Type:              Min at Fast Process Corner
  Data Path Delay:        2.234ns  (logic 1.101ns (49.295%)  route 1.133ns (50.705%))
  Logic Levels:           3  (IBUF=1 LUT1=1 OBUFT=1)

    Location             Delay type                Incr(ns)  Path(ns)    Netlist Resource(s)
  -------------------------------------------------------------------    -------------------
    U8                                                0.000     0.000 f  oe (IN)
                         net (fo=0)                   0.000     0.000    oe
    U8                   IBUF (Prop_ibuf_I_O)         0.232     0.232 f  oe_IBUF_inst/O
                         net (fo=1, routed)           0.449     0.681    oe_IBUF
    SLICE_X0Y16          LUT1 (Prop_lut1_I0_O)        0.045     0.726 r  result_OBUFT[3]_inst_i_1/O
                         net (fo=4, routed)           0.684     1.410    result_TRI[0]
    W10                  OBUFT (TriStatD_obuft_T_O)
                                                      0.824     2.234 r  result_OBUFT[1]_inst/O
                         net (fo=0)                   0.000     2.234    result[1]
    W10                                                               r  result[1] (OUT)
  -------------------------------------------------------------------    -------------------

Slack:                    inf
  Source:                 oe
                            (input port)
  Destination:            result[2]
                            (output port)
  Path Group:             (none)
  Path Type:              Min at Fast Process Corner
  Data Path Delay:        2.297ns  (logic 1.101ns (47.947%)  route 1.196ns (52.053%))
  Logic Levels:           3  (IBUF=1 LUT1=1 OBUFT=1)

    Location             Delay type                Incr(ns)  Path(ns)    Netlist Resource(s)
  -------------------------------------------------------------------    -------------------
    U8                                                0.000     0.000 f  oe (IN)
                         net (fo=0)                   0.000     0.000    oe
    U8                   IBUF (Prop_ibuf_I_O)         0.232     0.232 f  oe_IBUF_inst/O
                         net (fo=1, routed)           0.449     0.681    oe_IBUF
    SLICE_X0Y16          LUT1 (Prop_lut1_I0_O)        0.045     0.726 r  result_OBUFT[3]_inst_i_1/O
                         net (fo=4, routed)           0.747     1.473    result_TRI[0]
    W8                   OBUFT (TriStatD_obuft_T_O)
                                                      0.824     2.297 r  result_OBUFT[2]_inst/O
                         net (fo=0)                   0.000     2.297    result[2]
    W8                                                                r  result[2] (OUT)
  -------------------------------------------------------------------    -------------------

Slack:                    inf
  Source:                 oe
                            (input port)
  Destination:            result[3]
                            (output port)
  Path Group:             (none)
  Path Type:              Min at Fast Process Corner
  Data Path Delay:        2.351ns  (logic 1.101ns (46.846%)  route 1.250ns (53.154%))
  Logic Levels:           3  (IBUF=1 LUT1=1 OBUFT=1)

    Location             Delay type                Incr(ns)  Path(ns)    Netlist Resource(s)
  -------------------------------------------------------------------    -------------------
    U8                                                0.000     0.000 f  oe (IN)
                         net (fo=0)                   0.000     0.000    oe
    U8                   IBUF (Prop_ibuf_I_O)         0.232     0.232 f  oe_IBUF_inst/O
                         net (fo=1, routed)           0.449     0.681    oe_IBUF
    SLICE_X0Y16          LUT1 (Prop_lut1_I0_O)        0.045     0.726 r  result_OBUFT[3]_inst_i_1/O
                         net (fo=4, routed)           0.801     1.527    result_TRI[0]
    V8                   OBUFT (TriStatD_obuft_T_O)
                                                      0.824     2.351 r  result_OBUFT[3]_inst/O
                         net (fo=0)                   0.000     2.351    result[3]
    V8                                                                r  result[3] (OUT)
  -------------------------------------------------------------------    -------------------





--------------------------------------------------------------------------------------
Path Group:  (none)
From Clock:  clk
  To Clock:  

Max Delay             4 Endpoints
Min Delay             4 Endpoints
--------------------------------------------------------------------------------------


Max Delay Paths
--------------------------------------------------------------------------------------
Slack:                    inf
  Source:                 result_reg_reg[3]/C
                            (rising edge-triggered cell FDCE clocked by clk  {rise@0.000ns fall@5.000ns period=10.000ns})
  Destination:            result[3]
                            (output port)
  Path Group:             (none)
  Path Type:              Max at Slow Process Corner
  Data Path Delay:        4.443ns  (logic 2.894ns (65.148%)  route 1.548ns (34.852%))
  Logic Levels:           1  (OBUFT=1)
  Clock Uncertainty:      0.025ns  ((TSJ^2 + TIJ^2)^1/2 + DJ) / 2 + PE
    Total System Jitter     (TSJ):    0.050ns
    Total Input Jitter      (TIJ):    0.000ns
    Discrete Jitter          (DJ):    0.000ns
    Phase Error              (PE):    0.000ns

    Location             Delay type                Incr(ns)  Path(ns)    Netlist Resource(s)
  -------------------------------------------------------------------    -------------------
                         (clock clk rise edge)        0.000     0.000 r  
    U7                                                0.000     0.000 r  clk (IN)
                         net (fo=0)                   0.000     0.000    clk
    U7                   IBUF (Prop_ibuf_I_O)         0.990     0.990 r  clk_IBUF_inst/O
                         net (fo=1, routed)           1.843     2.833    clk_IBUF
    BUFGCTRL_X0Y0        BUFG (Prop_bufg_I_O)         0.085     2.918 r  clk_IBUF_BUFG_inst/O
                         net (fo=14, routed)          1.549     4.467    clk_IBUF_BUFG
    SLICE_X0Y13          FDCE                                         r  result_reg_reg[3]/C
  -------------------------------------------------------------------    -------------------
    SLICE_X0Y13          FDCE (Prop_fdce_C_Q)         0.433     4.900 r  result_reg_reg[3]/Q
                         net (fo=1, routed)           1.548     6.449    result_OBUF[3]
    V8                   OBUFT (Prop_obuft_I_O)       2.461     8.910 r  result_OBUFT[3]_inst/O
                         net (fo=0)                   0.000     8.910    result[3]
    V8                                                                r  result[3] (OUT)
  -------------------------------------------------------------------    -------------------

Slack:                    inf
  Source:                 result_reg_reg[2]/C
                            (rising edge-triggered cell FDCE clocked by clk  {rise@0.000ns fall@5.000ns period=10.000ns})
  Destination:            result[2]
                            (output port)
  Path Group:             (none)
  Path Type:              Max at Slow Process Corner
  Data Path Delay:        4.428ns  (logic 2.895ns (65.368%)  route 1.534ns (34.632%))
  Logic Levels:           1  (OBUFT=1)
  Clock Uncertainty:      0.025ns  ((TSJ^2 + TIJ^2)^1/2 + DJ) / 2 + PE
    Total System Jitter     (TSJ):    0.050ns
    Total Input Jitter      (TIJ):    0.000ns
    Discrete Jitter          (DJ):    0.000ns
    Phase Error              (PE):    0.000ns

    Location             Delay type                Incr(ns)  Path(ns)    Netlist Resource(s)
  -------------------------------------------------------------------    -------------------
                         (clock clk rise edge)        0.000     0.000 r  
    U7                                                0.000     0.000 r  clk (IN)
                         net (fo=0)                   0.000     0.000    clk
    U7                   IBUF (Prop_ibuf_I_O)         0.990     0.990 r  clk_IBUF_inst/O
                         net (fo=1, routed)           1.843     2.833    clk_IBUF
    BUFGCTRL_X0Y0        BUFG (Prop_bufg_I_O)         0.085     2.918 r  clk_IBUF_BUFG_inst/O
                         net (fo=14, routed)          1.549     4.467    clk_IBUF_BUFG
    SLICE_X0Y13          FDCE                                         r  result_reg_reg[2]/C
  -------------------------------------------------------------------    -------------------
    SLICE_X0Y13          FDCE (Prop_fdce_C_Q)         0.433     4.900 r  result_reg_reg[2]/Q
                         net (fo=1, routed)           1.534     6.434    result_OBUF[2]
    W8                   OBUFT (Prop_obuft_I_O)       2.462     8.896 r  result_OBUFT[2]_inst/O
                         net (fo=0)                   0.000     8.896    result[2]
    W8                                                                r  result[2] (OUT)
  -------------------------------------------------------------------    -------------------

Slack:                    inf
  Source:                 result_reg_reg[0]/C
                            (rising edge-triggered cell FDCE clocked by clk  {rise@0.000ns fall@5.000ns period=10.000ns})
  Destination:            result[0]
                            (output port)
  Path Group:             (none)
  Path Type:              Max at Slow Process Corner
  Data Path Delay:        4.382ns  (logic 2.843ns (64.885%)  route 1.539ns (35.115%))
  Logic Levels:           1  (OBUFT=1)
  Clock Uncertainty:      0.025ns  ((TSJ^2 + TIJ^2)^1/2 + DJ) / 2 + PE
    Total System Jitter     (TSJ):    0.050ns
    Total Input Jitter      (TIJ):    0.000ns
    Discrete Jitter          (DJ):    0.000ns
    Phase Error              (PE):    0.000ns

    Location             Delay type                Incr(ns)  Path(ns)    Netlist Resource(s)
  -------------------------------------------------------------------    -------------------
                         (clock clk rise edge)        0.000     0.000 r  
    U7                                                0.000     0.000 r  clk (IN)
                         net (fo=0)                   0.000     0.000    clk
    U7                   IBUF (Prop_ibuf_I_O)         0.990     0.990 r  clk_IBUF_inst/O
                         net (fo=1, routed)           1.843     2.833    clk_IBUF
    BUFGCTRL_X0Y0        BUFG (Prop_bufg_I_O)         0.085     2.918 r  clk_IBUF_BUFG_inst/O
                         net (fo=14, routed)          1.550     4.468    clk_IBUF_BUFG
    SLICE_X0Y12          FDCE                                         r  result_reg_reg[0]/C
  -------------------------------------------------------------------    -------------------
    SLICE_X0Y12          FDCE (Prop_fdce_C_Q)         0.433     4.901 r  result_reg_reg[0]/Q
                         net (fo=1, routed)           1.539     6.440    result_OBUF[0]
    W9                   OBUFT (Prop_obuft_I_O)       2.410     8.851 r  result_OBUFT[0]_inst/O
                         net (fo=0)                   0.000     8.851    result[0]
    W9                                                                r  result[0] (OUT)
  -------------------------------------------------------------------    -------------------

Slack:                    inf
  Source:                 result_reg_reg[1]/C
                            (rising edge-triggered cell FDCE clocked by clk  {rise@0.000ns fall@5.000ns period=10.000ns})
  Destination:            result[1]
                            (output port)
  Path Group:             (none)
  Path Type:              Max at Slow Process Corner
  Data Path Delay:        4.284ns  (logic 2.861ns (66.789%)  route 1.423ns (33.211%))
  Logic Levels:           1  (OBUFT=1)
  Clock Uncertainty:      0.025ns  ((TSJ^2 + TIJ^2)^1/2 + DJ) / 2 + PE
    Total System Jitter     (TSJ):    0.050ns
    Total Input Jitter      (TIJ):    0.000ns
    Discrete Jitter          (DJ):    0.000ns
    Phase Error              (PE):    0.000ns

    Location             Delay type                Incr(ns)  Path(ns)    Netlist Resource(s)
  -------------------------------------------------------------------    -------------------
                         (clock clk rise edge)        0.000     0.000 r  
    U7                                                0.000     0.000 r  clk (IN)
                         net (fo=0)                   0.000     0.000    clk
    U7                   IBUF (Prop_ibuf_I_O)         0.990     0.990 r  clk_IBUF_inst/O
                         net (fo=1, routed)           1.843     2.833    clk_IBUF
    BUFGCTRL_X0Y0        BUFG (Prop_bufg_I_O)         0.085     2.918 r  clk_IBUF_BUFG_inst/O
                         net (fo=14, routed)          1.550     4.468    clk_IBUF_BUFG
    SLICE_X0Y12          FDCE                                         r  result_reg_reg[1]/C
  -------------------------------------------------------------------    -------------------
    SLICE_X0Y12          FDCE (Prop_fdce_C_Q)         0.433     4.901 r  result_reg_reg[1]/Q
                         net (fo=1, routed)           1.423     6.324    result_OBUF[1]
    W10                  OBUFT (Prop_obuft_I_O)       2.428     8.752 r  result_OBUFT[1]_inst/O
                         net (fo=0)                   0.000     8.752    result[1]
    W10                                                               r  result[1] (OUT)
  -------------------------------------------------------------------    -------------------





Min Delay Paths
--------------------------------------------------------------------------------------
Slack:                    inf
  Source:                 result_reg_reg[1]/C
                            (rising edge-triggered cell FDCE clocked by clk  {rise@0.000ns fall@5.000ns period=10.000ns})
  Destination:            result[1]
                            (output port)
  Path Group:             (none)
  Path Type:              Min at Fast Process Corner
  Data Path Delay:        1.719ns  (logic 1.362ns (79.199%)  route 0.358ns (20.801%))
  Logic Levels:           1  (OBUFT=1)
  Clock Uncertainty:      0.025ns  ((TSJ^2 + TIJ^2)^1/2 + DJ) / 2 + PE
    Total System Jitter     (TSJ):    0.050ns
    Total Input Jitter      (TIJ):    0.000ns
    Discrete Jitter          (DJ):    0.000ns
    Phase Error              (PE):    0.000ns

    Location             Delay type                Incr(ns)  Path(ns)    Netlist Resource(s)
  -------------------------------------------------------------------    -------------------
                         (clock clk rise edge)        0.000     0.000 r  
    U7                                                0.000     0.000 r  clk (IN)
                         net (fo=0)                   0.000     0.000    clk
    U7                   IBUF (Prop_ibuf_I_O)         0.286     0.286 r  clk_IBUF_inst/O
                         net (fo=1, routed)           0.663     0.949    clk_IBUF
    BUFGCTRL_X0Y0        BUFG (Prop_bufg_I_O)         0.026     0.975 r  clk_IBUF_BUFG_inst/O
                         net (fo=14, routed)          0.620     1.595    clk_IBUF_BUFG
    SLICE_X0Y12          FDCE                                         r  result_reg_reg[1]/C
  -------------------------------------------------------------------    -------------------
    SLICE_X0Y12          FDCE (Prop_fdce_C_Q)         0.164     1.759 r  result_reg_reg[1]/Q
                         net (fo=1, routed)           0.358     2.117    result_OBUF[1]
    W10                  OBUFT (Prop_obuft_I_O)       1.198     3.315 r  result_OBUFT[1]_inst/O
                         net (fo=0)                   0.000     3.315    result[1]
    W10                                                               r  result[1] (OUT)
  -------------------------------------------------------------------    -------------------

Slack:                    inf
  Source:                 result_reg_reg[0]/C
                            (rising edge-triggered cell FDCE clocked by clk  {rise@0.000ns fall@5.000ns period=10.000ns})
  Destination:            result[0]
                            (output port)
  Path Group:             (none)
  Path Type:              Min at Fast Process Corner
  Data Path Delay:        1.737ns  (logic 1.344ns (77.387%)  route 0.393ns (22.613%))
  Logic Levels:           1  (OBUFT=1)
  Clock Uncertainty:      0.025ns  ((TSJ^2 + TIJ^2)^1/2 + DJ) / 2 + PE
    Total System Jitter     (TSJ):    0.050ns
    Total Input Jitter      (TIJ):    0.000ns
    Discrete Jitter          (DJ):    0.000ns
    Phase Error              (PE):    0.000ns

    Location             Delay type                Incr(ns)  Path(ns)    Netlist Resource(s)
  -------------------------------------------------------------------    -------------------
                         (clock clk rise edge)        0.000     0.000 r  
    U7                                                0.000     0.000 r  clk (IN)
                         net (fo=0)                   0.000     0.000    clk
    U7                   IBUF (Prop_ibuf_I_O)         0.286     0.286 r  clk_IBUF_inst/O
                         net (fo=1, routed)           0.663     0.949    clk_IBUF
    BUFGCTRL_X0Y0        BUFG (Prop_bufg_I_O)         0.026     0.975 r  clk_IBUF_BUFG_inst/O
                         net (fo=14, routed)          0.620     1.595    clk_IBUF_BUFG
    SLICE_X0Y12          FDCE                                         r  result_reg_reg[0]/C
  -------------------------------------------------------------------    -------------------
    SLICE_X0Y12          FDCE (Prop_fdce_C_Q)         0.164     1.759 r  result_reg_reg[0]/Q
                         net (fo=1, routed)           0.393     2.152    result_OBUF[0]
    W9                   OBUFT (Prop_obuft_I_O)       1.180     3.332 r  result_OBUFT[0]_inst/O
                         net (fo=0)                   0.000     3.332    result[0]
    W9                                                                r  result[0] (OUT)
  -------------------------------------------------------------------    -------------------

Slack:                    inf
  Source:                 result_reg_reg[2]/C
                            (rising edge-triggered cell FDCE clocked by clk  {rise@0.000ns fall@5.000ns period=10.000ns})
  Destination:            result[2]
                            (output port)
  Path Group:             (none)
  Path Type:              Min at Fast Process Corner
  Data Path Delay:        1.800ns  (logic 1.395ns (77.518%)  route 0.405ns (22.482%))
  Logic Levels:           1  (OBUFT=1)
  Clock Uncertainty:      0.025ns  ((TSJ^2 + TIJ^2)^1/2 + DJ) / 2 + PE
    Total System Jitter     (TSJ):    0.050ns
    Total Input Jitter      (TIJ):    0.000ns
    Discrete Jitter          (DJ):    0.000ns
    Phase Error              (PE):    0.000ns

    Location             Delay type                Incr(ns)  Path(ns)    Netlist Resource(s)
  -------------------------------------------------------------------    -------------------
                         (clock clk rise edge)        0.000     0.000 r  
    U7                                                0.000     0.000 r  clk (IN)
                         net (fo=0)                   0.000     0.000    clk
    U7                   IBUF (Prop_ibuf_I_O)         0.286     0.286 r  clk_IBUF_inst/O
                         net (fo=1, routed)           0.663     0.949    clk_IBUF
    BUFGCTRL_X0Y0        BUFG (Prop_bufg_I_O)         0.026     0.975 r  clk_IBUF_BUFG_inst/O
                         net (fo=14, routed)          0.619     1.594    clk_IBUF_BUFG
    SLICE_X0Y13          FDCE                                         r  result_reg_reg[2]/C
  -------------------------------------------------------------------    -------------------
    SLICE_X0Y13          FDCE (Prop_fdce_C_Q)         0.164     1.758 r  result_reg_reg[2]/Q
                         net (fo=1, routed)           0.405     2.163    result_OBUF[2]
    W8                   OBUFT (Prop_obuft_I_O)       1.231     3.394 r  result_OBUFT[2]_inst/O
                         net (fo=0)                   0.000     3.394    result[2]
    W8                                                                r  result[2] (OUT)
  -------------------------------------------------------------------    -------------------

Slack:                    inf
  Source:                 result_reg_reg[3]/C
                            (rising edge-triggered cell FDCE clocked by clk  {rise@0.000ns fall@5.000ns period=10.000ns})
  Destination:            result[3]
                            (output port)
  Path Group:             (none)
  Path Type:              Min at Fast Process Corner
  Data Path Delay:        1.800ns  (logic 1.395ns (77.480%)  route 0.405ns (22.520%))
  Logic Levels:           1  (OBUFT=1)
  Clock Uncertainty:      0.025ns  ((TSJ^2 + TIJ^2)^1/2 + DJ) / 2 + PE
    Total System Jitter     (TSJ):    0.050ns
    Total Input Jitter      (TIJ):    0.000ns
    Discrete Jitter          (DJ):    0.000ns
    Phase Error              (PE):    0.000ns

    Location             Delay type                Incr(ns)  Path(ns)    Netlist Resource(s)
  -------------------------------------------------------------------    -------------------
                         (clock clk rise edge)        0.000     0.000 r  
    U7                                                0.000     0.000 r  clk (IN)
                         net (fo=0)                   0.000     0.000    clk
    U7                   IBUF (Prop_ibuf_I_O)         0.286     0.286 r  clk_IBUF_inst/O
                         net (fo=1, routed)           0.663     0.949    clk_IBUF
    BUFGCTRL_X0Y0        BUFG (Prop_bufg_I_O)         0.026     0.975 r  clk_IBUF_BUFG_inst/O
                         net (fo=14, routed)          0.619     1.594    clk_IBUF_BUFG
    SLICE_X0Y13          FDCE                                         r  result_reg_reg[3]/C
  -------------------------------------------------------------------    -------------------
    SLICE_X0Y13          FDCE (Prop_fdce_C_Q)         0.164     1.758 r  result_reg_reg[3]/Q
                         net (fo=1, routed)           0.405     2.163    result_OBUF[3]
    V8                   OBUFT (Prop_obuft_I_O)       1.231     3.394 r  result_OBUFT[3]_inst/O
                         net (fo=0)                   0.000     3.394    result[3]
    V8                                                                r  result[3] (OUT)
  -------------------------------------------------------------------    -------------------





--------------------------------------------------------------------------------------
Path Group:  (none)
From Clock:  
  To Clock:  clk

Max Delay            24 Endpoints
Min Delay            24 Endpoints
--------------------------------------------------------------------------------------


Max Delay Paths
--------------------------------------------------------------------------------------
Slack:                    inf
  Source:                 rst
                            (input port)
  Destination:            a_reg_reg[0]/CLR
                            (recovery check against rising-edge clock clk  {rise@0.000ns fall@5.000ns period=10.000ns})
  Path Group:             (none)
  Path Type:              Recovery (Max at Slow Process Corner)
  Data Path Delay:        2.150ns  (logic 0.957ns (44.495%)  route 1.194ns (55.505%))
  Logic Levels:           1  (IBUF=1)
  Clock Path Skew:        4.001ns (DCD - SCD + CPR)
    Destination Clock Delay (DCD):    4.001ns
    Source Clock Delay      (SCD):    0.000ns
    Clock Pessimism Removal (CPR):    0.000ns
  Clock Uncertainty:      0.025ns  ((TSJ^2 + TIJ^2)^1/2 + DJ) / 2 + PE
    Total System Jitter     (TSJ):    0.050ns
    Total Input Jitter      (TIJ):    0.000ns
    Discrete Jitter          (DJ):    0.000ns
    Phase Error              (PE):    0.000ns

    Location             Delay type                Incr(ns)  Path(ns)    Netlist Resource(s)
  -------------------------------------------------------------------    -------------------
    U9                                                0.000     0.000 f  rst (IN)
                         net (fo=0)                   0.000     0.000    rst
    U9                   IBUF (Prop_ibuf_I_O)         0.957     0.957 f  rst_IBUF_inst/O
                         net (fo=14, routed)          1.194     2.150    rst_IBUF
    SLICE_X0Y11          FDCE                                         f  a_reg_reg[0]/CLR
  -------------------------------------------------------------------    -------------------

                         (clock clk rise edge)        0.000     0.000 r  
    U7                                                0.000     0.000 r  clk (IN)
                         net (fo=0)                   0.000     0.000    clk
    U7                   IBUF (Prop_ibuf_I_O)         0.859     0.859 r  clk_IBUF_inst/O
                         net (fo=1, routed)           1.673     2.532    clk_IBUF
    BUFGCTRL_X0Y0        BUFG (Prop_bufg_I_O)         0.077     2.609 r  clk_IBUF_BUFG_inst/O
                         net (fo=14, routed)          1.392     4.001    clk_IBUF_BUFG
    SLICE_X0Y11          FDCE                                         r  a_reg_reg[0]/C

Slack:                    inf
  Source:                 rst
                            (input port)
  Destination:            a_reg_reg[1]/CLR
                            (recovery check against rising-edge clock clk  {rise@0.000ns fall@5.000ns period=10.000ns})
  Path Group:             (none)
  Path Type:              Recovery (Max at Slow Process Corner)
  Data Path Delay:        2.051ns  (logic 0.957ns (46.650%)  route 1.094ns (53.350%))
  Logic Levels:           1  (IBUF=1)
  Clock Path Skew:        4.001ns (DCD - SCD + CPR)
    Destination Clock Delay (DCD):    4.001ns
    Source Clock Delay      (SCD):    0.000ns
    Clock Pessimism Removal (CPR):    0.000ns
  Clock Uncertainty:      0.025ns  ((TSJ^2 + TIJ^2)^1/2 + DJ) / 2 + PE
    Total System Jitter     (TSJ):    0.050ns
    Total Input Jitter      (TIJ):    0.000ns
    Discrete Jitter          (DJ):    0.000ns
    Phase Error              (PE):    0.000ns

    Location             Delay type                Incr(ns)  Path(ns)    Netlist Resource(s)
  -------------------------------------------------------------------    -------------------
    U9                                                0.000     0.000 f  rst (IN)
                         net (fo=0)                   0.000     0.000    rst
    U9                   IBUF (Prop_ibuf_I_O)         0.957     0.957 f  rst_IBUF_inst/O
                         net (fo=14, routed)          1.094     2.051    rst_IBUF
    SLICE_X1Y12          FDCE                                         f  a_reg_reg[1]/CLR
  -------------------------------------------------------------------    -------------------

                         (clock clk rise edge)        0.000     0.000 r  
    U7                                                0.000     0.000 r  clk (IN)
                         net (fo=0)                   0.000     0.000    clk
    U7                   IBUF (Prop_ibuf_I_O)         0.859     0.859 r  clk_IBUF_inst/O
                         net (fo=1, routed)           1.673     2.532    clk_IBUF
    BUFGCTRL_X0Y0        BUFG (Prop_bufg_I_O)         0.077     2.609 r  clk_IBUF_BUFG_inst/O
                         net (fo=14, routed)          1.392     4.001    clk_IBUF_BUFG
    SLICE_X1Y12          FDCE                                         r  a_reg_reg[1]/C

Slack:                    inf
  Source:                 rst
                            (input port)
  Destination:            a_reg_reg[2]/CLR
                            (recovery check against rising-edge clock clk  {rise@0.000ns fall@5.000ns period=10.000ns})
  Path Group:             (none)
  Path Type:              Recovery (Max at Slow Process Corner)
  Data Path Delay:        2.051ns  (logic 0.957ns (46.650%)  route 1.094ns (53.350%))
  Logic Levels:           1  (IBUF=1)
  Clock Path Skew:        4.001ns (DCD - SCD + CPR)
    Destination Clock Delay (DCD):    4.001ns
    Source Clock Delay      (SCD):    0.000ns
    Clock Pessimism Removal (CPR):    0.000ns
  Clock Uncertainty:      0.025ns  ((TSJ^2 + TIJ^2)^1/2 + DJ) / 2 + PE
    Total System Jitter     (TSJ):    0.050ns
    Total Input Jitter      (TIJ):    0.000ns
    Discrete Jitter          (DJ):    0.000ns
    Phase Error              (PE):    0.000ns

    Location             Delay type                Incr(ns)  Path(ns)    Netlist Resource(s)
  -------------------------------------------------------------------    -------------------
    U9                                                0.000     0.000 f  rst (IN)
                         net (fo=0)                   0.000     0.000    rst
    U9                   IBUF (Prop_ibuf_I_O)         0.957     0.957 f  rst_IBUF_inst/O
                         net (fo=14, routed)          1.094     2.051    rst_IBUF
    SLICE_X1Y12          FDCE                                         f  a_reg_reg[2]/CLR
  -------------------------------------------------------------------    -------------------

                         (clock clk rise edge)        0.000     0.000 r  
    U7                                                0.000     0.000 r  clk (IN)
                         net (fo=0)                   0.000     0.000    clk
    U7                   IBUF (Prop_ibuf_I_O)         0.859     0.859 r  clk_IBUF_inst/O
                         net (fo=1, routed)           1.673     2.532    clk_IBUF
    BUFGCTRL_X0Y0        BUFG (Prop_bufg_I_O)         0.077     2.609 r  clk_IBUF_BUFG_inst/O
                         net (fo=14, routed)          1.392     4.001    clk_IBUF_BUFG
    SLICE_X1Y12          FDCE                                         r  a_reg_reg[2]/C

Slack:                    inf
  Source:                 rst
                            (input port)
  Destination:            b_reg_reg[0]/CLR
                            (recovery check against rising-edge clock clk  {rise@0.000ns fall@5.000ns period=10.000ns})
  Path Group:             (none)
  Path Type:              Recovery (Max at Slow Process Corner)
  Data Path Delay:        2.051ns  (logic 0.957ns (46.650%)  route 1.094ns (53.350%))
  Logic Levels:           1  (IBUF=1)
  Clock Path Skew:        4.001ns (DCD - SCD + CPR)
    Destination Clock Delay (DCD):    4.001ns
    Source Clock Delay      (SCD):    0.000ns
    Clock Pessimism Removal (CPR):    0.000ns
  Clock Uncertainty:      0.025ns  ((TSJ^2 + TIJ^2)^1/2 + DJ) / 2 + PE
    Total System Jitter     (TSJ):    0.050ns
    Total Input Jitter      (TIJ):    0.000ns
    Discrete Jitter          (DJ):    0.000ns
    Phase Error              (PE):    0.000ns

    Location             Delay type                Incr(ns)  Path(ns)    Netlist Resource(s)
  -------------------------------------------------------------------    -------------------
    U9                                                0.000     0.000 f  rst (IN)
                         net (fo=0)                   0.000     0.000    rst
    U9                   IBUF (Prop_ibuf_I_O)         0.957     0.957 f  rst_IBUF_inst/O
                         net (fo=14, routed)          1.094     2.051    rst_IBUF
    SLICE_X1Y12          FDCE                                         f  b_reg_reg[0]/CLR
  -------------------------------------------------------------------    -------------------

                         (clock clk rise edge)        0.000     0.000 r  
    U7                                                0.000     0.000 r  clk (IN)
                         net (fo=0)                   0.000     0.000    clk
    U7                   IBUF (Prop_ibuf_I_O)         0.859     0.859 r  clk_IBUF_inst/O
                         net (fo=1, routed)           1.673     2.532    clk_IBUF
    BUFGCTRL_X0Y0        BUFG (Prop_bufg_I_O)         0.077     2.609 r  clk_IBUF_BUFG_inst/O
                         net (fo=14, routed)          1.392     4.001    clk_IBUF_BUFG
    SLICE_X1Y12          FDCE                                         r  b_reg_reg[0]/C

Slack:                    inf
  Source:                 rst
                            (input port)
  Destination:            b_reg_reg[1]/CLR
                            (recovery check against rising-edge clock clk  {rise@0.000ns fall@5.000ns period=10.000ns})
  Path Group:             (none)
  Path Type:              Recovery (Max at Slow Process Corner)
  Data Path Delay:        2.051ns  (logic 0.957ns (46.650%)  route 1.094ns (53.350%))
  Logic Levels:           1  (IBUF=1)
  Clock Path Skew:        4.001ns (DCD - SCD + CPR)
    Destination Clock Delay (DCD):    4.001ns
    Source Clock Delay      (SCD):    0.000ns
    Clock Pessimism Removal (CPR):    0.000ns
  Clock Uncertainty:      0.025ns  ((TSJ^2 + TIJ^2)^1/2 + DJ) / 2 + PE
    Total System Jitter     (TSJ):    0.050ns
    Total Input Jitter      (TIJ):    0.000ns
    Discrete Jitter          (DJ):    0.000ns
    Phase Error              (PE):    0.000ns

    Location             Delay type                Incr(ns)  Path(ns)    Netlist Resource(s)
  -------------------------------------------------------------------    -------------------
    U9                                                0.000     0.000 f  rst (IN)
                         net (fo=0)                   0.000     0.000    rst
    U9                   IBUF (Prop_ibuf_I_O)         0.957     0.957 f  rst_IBUF_inst/O
                         net (fo=14, routed)          1.094     2.051    rst_IBUF
    SLICE_X1Y12          FDCE                                         f  b_reg_reg[1]/CLR
  -------------------------------------------------------------------    -------------------

                         (clock clk rise edge)        0.000     0.000 r  
    U7                                                0.000     0.000 r  clk (IN)
                         net (fo=0)                   0.000     0.000    clk
    U7                   IBUF (Prop_ibuf_I_O)         0.859     0.859 r  clk_IBUF_inst/O
                         net (fo=1, routed)           1.673     2.532    clk_IBUF
    BUFGCTRL_X0Y0        BUFG (Prop_bufg_I_O)         0.077     2.609 r  clk_IBUF_BUFG_inst/O
                         net (fo=14, routed)          1.392     4.001    clk_IBUF_BUFG
    SLICE_X1Y12          FDCE                                         r  b_reg_reg[1]/C

Slack:                    inf
  Source:                 rst
                            (input port)
  Destination:            b_reg_reg[2]/CLR
                            (recovery check against rising-edge clock clk  {rise@0.000ns fall@5.000ns period=10.000ns})
  Path Group:             (none)
  Path Type:              Recovery (Max at Slow Process Corner)
  Data Path Delay:        2.051ns  (logic 0.957ns (46.650%)  route 1.094ns (53.350%))
  Logic Levels:           1  (IBUF=1)
  Clock Path Skew:        4.001ns (DCD - SCD + CPR)
    Destination Clock Delay (DCD):    4.001ns
    Source Clock Delay      (SCD):    0.000ns
    Clock Pessimism Removal (CPR):    0.000ns
  Clock Uncertainty:      0.025ns  ((TSJ^2 + TIJ^2)^1/2 + DJ) / 2 + PE
    Total System Jitter     (TSJ):    0.050ns
    Total Input Jitter      (TIJ):    0.000ns
    Discrete Jitter          (DJ):    0.000ns
    Phase Error              (PE):    0.000ns

    Location             Delay type                Incr(ns)  Path(ns)    Netlist Resource(s)
  -------------------------------------------------------------------    -------------------
    U9                                                0.000     0.000 f  rst (IN)
                         net (fo=0)                   0.000     0.000    rst
    U9                   IBUF (Prop_ibuf_I_O)         0.957     0.957 f  rst_IBUF_inst/O
                         net (fo=14, routed)          1.094     2.051    rst_IBUF
    SLICE_X0Y12          FDCE                                         f  b_reg_reg[2]/CLR
  -------------------------------------------------------------------    -------------------

                         (clock clk rise edge)        0.000     0.000 r  
    U7                                                0.000     0.000 r  clk (IN)
                         net (fo=0)                   0.000     0.000    clk
    U7                   IBUF (Prop_ibuf_I_O)         0.859     0.859 r  clk_IBUF_inst/O
                         net (fo=1, routed)           1.673     2.532    clk_IBUF
    BUFGCTRL_X0Y0        BUFG (Prop_bufg_I_O)         0.077     2.609 r  clk_IBUF_BUFG_inst/O
                         net (fo=14, routed)          1.392     4.001    clk_IBUF_BUFG
    SLICE_X0Y12          FDCE                                         r  b_reg_reg[2]/C

Slack:                    inf
  Source:                 rst
                            (input port)
  Destination:            b_reg_reg[3]/CLR
                            (recovery check against rising-edge clock clk  {rise@0.000ns fall@5.000ns period=10.000ns})
  Path Group:             (none)
  Path Type:              Recovery (Max at Slow Process Corner)
  Data Path Delay:        2.051ns  (logic 0.957ns (46.650%)  route 1.094ns (53.350%))
  Logic Levels:           1  (IBUF=1)
  Clock Path Skew:        4.001ns (DCD - SCD + CPR)
    Destination Clock Delay (DCD):    4.001ns
    Source Clock Delay      (SCD):    0.000ns
    Clock Pessimism Removal (CPR):    0.000ns
  Clock Uncertainty:      0.025ns  ((TSJ^2 + TIJ^2)^1/2 + DJ) / 2 + PE
    Total System Jitter     (TSJ):    0.050ns
    Total Input Jitter      (TIJ):    0.000ns
    Discrete Jitter          (DJ):    0.000ns
    Phase Error              (PE):    0.000ns

    Location             Delay type                Incr(ns)  Path(ns)    Netlist Resource(s)
  -------------------------------------------------------------------    -------------------
    U9                                                0.000     0.000 f  rst (IN)
                         net (fo=0)                   0.000     0.000    rst
    U9                   IBUF (Prop_ibuf_I_O)         0.957     0.957 f  rst_IBUF_inst/O
                         net (fo=14, routed)          1.094     2.051    rst_IBUF
    SLICE_X0Y12          FDCE                                         f  b_reg_reg[3]/CLR
  -------------------------------------------------------------------    -------------------

                         (clock clk rise edge)        0.000     0.000 r  
    U7                                                0.000     0.000 r  clk (IN)
                         net (fo=0)                   0.000     0.000    clk
    U7                   IBUF (Prop_ibuf_I_O)         0.859     0.859 r  clk_IBUF_inst/O
                         net (fo=1, routed)           1.673     2.532    clk_IBUF
    BUFGCTRL_X0Y0        BUFG (Prop_bufg_I_O)         0.077     2.609 r  clk_IBUF_BUFG_inst/O
                         net (fo=14, routed)          1.392     4.001    clk_IBUF_BUFG
    SLICE_X0Y12          FDCE                                         r  b_reg_reg[3]/C

Slack:                    inf
  Source:                 rst
                            (input port)
  Destination:            result_reg_reg[0]/CLR
                            (recovery check against rising-edge clock clk  {rise@0.000ns fall@5.000ns period=10.000ns})
  Path Group:             (none)
  Path Type:              Recovery (Max at Slow Process Corner)
  Data Path Delay:        2.051ns  (logic 0.957ns (46.650%)  route 1.094ns (53.350%))
  Logic Levels:           1  (IBUF=1)
  Clock Path Skew:        4.001ns (DCD - SCD + CPR)
    Destination Clock Delay (DCD):    4.001ns
    Source Clock Delay      (SCD):    0.000ns
    Clock Pessimism Removal (CPR):    0.000ns
  Clock Uncertainty:      0.025ns  ((TSJ^2 + TIJ^2)^1/2 + DJ) / 2 + PE
    Total System Jitter     (TSJ):    0.050ns
    Total Input Jitter      (TIJ):    0.000ns
    Discrete Jitter          (DJ):    0.000ns
    Phase Error              (PE):    0.000ns

    Location             Delay type                Incr(ns)  Path(ns)    Netlist Resource(s)
  -------------------------------------------------------------------    -------------------
    U9                                                0.000     0.000 f  rst (IN)
                         net (fo=0)                   0.000     0.000    rst
    U9                   IBUF (Prop_ibuf_I_O)         0.957     0.957 f  rst_IBUF_inst/O
                         net (fo=14, routed)          1.094     2.051    rst_IBUF
    SLICE_X0Y12          FDCE                                         f  result_reg_reg[0]/CLR
  -------------------------------------------------------------------    -------------------

                         (clock clk rise edge)        0.000     0.000 r  
    U7                                                0.000     0.000 r  clk (IN)
                         net (fo=0)                   0.000     0.000    clk
    U7                   IBUF (Prop_ibuf_I_O)         0.859     0.859 r  clk_IBUF_inst/O
                         net (fo=1, routed)           1.673     2.532    clk_IBUF
    BUFGCTRL_X0Y0        BUFG (Prop_bufg_I_O)         0.077     2.609 r  clk_IBUF_BUFG_inst/O
                         net (fo=14, routed)          1.392     4.001    clk_IBUF_BUFG
    SLICE_X0Y12          FDCE                                         r  result_reg_reg[0]/C

Slack:                    inf
  Source:                 rst
                            (input port)
  Destination:            result_reg_reg[1]/CLR
                            (recovery check against rising-edge clock clk  {rise@0.000ns fall@5.000ns period=10.000ns})
  Path Group:             (none)
  Path Type:              Recovery (Max at Slow Process Corner)
  Data Path Delay:        2.051ns  (logic 0.957ns (46.650%)  route 1.094ns (53.350%))
  Logic Levels:           1  (IBUF=1)
  Clock Path Skew:        4.001ns (DCD - SCD + CPR)
    Destination Clock Delay (DCD):    4.001ns
    Source Clock Delay      (SCD):    0.000ns
    Clock Pessimism Removal (CPR):    0.000ns
  Clock Uncertainty:      0.025ns  ((TSJ^2 + TIJ^2)^1/2 + DJ) / 2 + PE
    Total System Jitter     (TSJ):    0.050ns
    Total Input Jitter      (TIJ):    0.000ns
    Discrete Jitter          (DJ):    0.000ns
    Phase Error              (PE):    0.000ns

    Location             Delay type                Incr(ns)  Path(ns)    Netlist Resource(s)
  -------------------------------------------------------------------    -------------------
    U9                                                0.000     0.000 f  rst (IN)
                         net (fo=0)                   0.000     0.000    rst
    U9                   IBUF (Prop_ibuf_I_O)         0.957     0.957 f  rst_IBUF_inst/O
                         net (fo=14, routed)          1.094     2.051    rst_IBUF
    SLICE_X0Y12          FDCE                                         f  result_reg_reg[1]/CLR
  -------------------------------------------------------------------    -------------------

                         (clock clk rise edge)        0.000     0.000 r  
    U7                                                0.000     0.000 r  clk (IN)
                         net (fo=0)                   0.000     0.000    clk
    U7                   IBUF (Prop_ibuf_I_O)         0.859     0.859 r  clk_IBUF_inst/O
                         net (fo=1, routed)           1.673     2.532    clk_IBUF
    BUFGCTRL_X0Y0        BUFG (Prop_bufg_I_O)         0.077     2.609 r  clk_IBUF_BUFG_inst/O
                         net (fo=14, routed)          1.392     4.001    clk_IBUF_BUFG
    SLICE_X0Y12          FDCE                                         r  result_reg_reg[1]/C

Slack:                    inf
  Source:                 rst
                            (input port)
  Destination:            a_reg_reg[3]/CLR
                            (recovery check against rising-edge clock clk  {rise@0.000ns fall@5.000ns period=10.000ns})
  Path Group:             (none)
  Path Type:              Recovery (Max at Slow Process Corner)
  Data Path Delay:        1.933ns  (logic 0.957ns (49.490%)  route 0.977ns (50.510%))
  Logic Levels:           1  (IBUF=1)
  Clock Path Skew:        4.000ns (DCD - SCD + CPR)
    Destination Clock Delay (DCD):    4.000ns
    Source Clock Delay      (SCD):    0.000ns
    Clock Pessimism Removal (CPR):    0.000ns
  Clock Uncertainty:      0.025ns  ((TSJ^2 + TIJ^2)^1/2 + DJ) / 2 + PE
    Total System Jitter     (TSJ):    0.050ns
    Total Input Jitter      (TIJ):    0.000ns
    Discrete Jitter          (DJ):    0.000ns
    Phase Error              (PE):    0.000ns

    Location             Delay type                Incr(ns)  Path(ns)    Netlist Resource(s)
  -------------------------------------------------------------------    -------------------
    U9                                                0.000     0.000 f  rst (IN)
                         net (fo=0)                   0.000     0.000    rst
    U9                   IBUF (Prop_ibuf_I_O)         0.957     0.957 f  rst_IBUF_inst/O
                         net (fo=14, routed)          0.977     1.933    rst_IBUF
    SLICE_X1Y13          FDCE                                         f  a_reg_reg[3]/CLR
  -------------------------------------------------------------------    -------------------

                         (clock clk rise edge)        0.000     0.000 r  
    U7                                                0.000     0.000 r  clk (IN)
                         net (fo=0)                   0.000     0.000    clk
    U7                   IBUF (Prop_ibuf_I_O)         0.859     0.859 r  clk_IBUF_inst/O
                         net (fo=1, routed)           1.673     2.532    clk_IBUF
    BUFGCTRL_X0Y0        BUFG (Prop_bufg_I_O)         0.077     2.609 r  clk_IBUF_BUFG_inst/O
                         net (fo=14, routed)          1.391     4.000    clk_IBUF_BUFG
    SLICE_X1Y13          FDCE                                         r  a_reg_reg[3]/C





Min Delay Paths
--------------------------------------------------------------------------------------
Slack:                    inf
  Source:                 b[2]
                            (input port)
  Destination:            b_reg_reg[2]/D
                            (rising edge-triggered cell FDCE clocked by clk  {rise@0.000ns fall@5.000ns period=10.000ns})
  Path Group:             (none)
  Path Type:              Hold (Min at Fast Process Corner)
  Data Path Delay:        0.499ns  (logic 0.172ns (34.441%)  route 0.327ns (65.559%))
  Logic Levels:           1  (IBUF=1)
  Clock Path Skew:        2.113ns (DCD - SCD - CPR)
    Destination Clock Delay (DCD):    2.113ns
    Source Clock Delay      (SCD):    0.000ns
    Clock Pessimism Removal (CPR):    -0.000ns

    Location             Delay type                Incr(ns)  Path(ns)    Netlist Resource(s)
  -------------------------------------------------------------------    -------------------
    U5                                                0.000     0.000 r  b[2] (IN)
                         net (fo=0)                   0.000     0.000    b[2]
    U5                   IBUF (Prop_ibuf_I_O)         0.172     0.172 r  b_IBUF[2]_inst/O
                         net (fo=1, routed)           0.327     0.499    b_IBUF[2]
    SLICE_X0Y12          FDCE                                         r  b_reg_reg[2]/D
  -------------------------------------------------------------------    -------------------

                         (clock clk rise edge)        0.000     0.000 r  
    U7                                                0.000     0.000 r  clk (IN)
                         net (fo=0)                   0.000     0.000    clk
    U7                   IBUF (Prop_ibuf_I_O)         0.476     0.476 r  clk_IBUF_inst/O
                         net (fo=1, routed)           0.719     1.195    clk_IBUF
    BUFGCTRL_X0Y0        BUFG (Prop_bufg_I_O)         0.029     1.224 r  clk_IBUF_BUFG_inst/O
                         net (fo=14, routed)          0.889     2.113    clk_IBUF_BUFG
    SLICE_X0Y12          FDCE                                         r  b_reg_reg[2]/C

Slack:                    inf
  Source:                 op[0]
                            (input port)
  Destination:            op_reg_reg[0]/D
                            (rising edge-triggered cell FDCE clocked by clk  {rise@0.000ns fall@5.000ns period=10.000ns})
  Path Group:             (none)
  Path Type:              Hold (Min at Fast Process Corner)
  Data Path Delay:        0.533ns  (logic 0.247ns (46.255%)  route 0.287ns (53.745%))
  Logic Levels:           1  (IBUF=1)
  Clock Path Skew:        2.112ns (DCD - SCD - CPR)
    Destination Clock Delay (DCD):    2.112ns
    Source Clock Delay      (SCD):    0.000ns
    Clock Pessimism Removal (CPR):    -0.000ns

    Location             Delay type                Incr(ns)  Path(ns)    Netlist Resource(s)
  -------------------------------------------------------------------    -------------------
    Y11                                               0.000     0.000 r  op[0] (IN)
                         net (fo=0)                   0.000     0.000    op[0]
    Y11                  IBUF (Prop_ibuf_I_O)         0.247     0.247 r  op_IBUF[0]_inst/O
                         net (fo=1, routed)           0.287     0.533    op_IBUF[0]
    SLICE_X0Y13          FDCE                                         r  op_reg_reg[0]/D
  -------------------------------------------------------------------    -------------------

                         (clock clk rise edge)        0.000     0.000 r  
    U7                                                0.000     0.000 r  clk (IN)
                         net (fo=0)                   0.000     0.000    clk
    U7                   IBUF (Prop_ibuf_I_O)         0.476     0.476 r  clk_IBUF_inst/O
                         net (fo=1, routed)           0.719     1.195    clk_IBUF
    BUFGCTRL_X0Y0        BUFG (Prop_bufg_I_O)         0.029     1.224 r  clk_IBUF_BUFG_inst/O
                         net (fo=14, routed)          0.888     2.112    clk_IBUF_BUFG
    SLICE_X0Y13          FDCE                                         r  op_reg_reg[0]/C

Slack:                    inf
  Source:                 a[1]
                            (input port)
  Destination:            a_reg_reg[1]/D
                            (rising edge-triggered cell FDCE clocked by clk  {rise@0.000ns fall@5.000ns period=10.000ns})
  Path Group:             (none)
  Path Type:              Hold (Min at Fast Process Corner)
  Data Path Delay:        0.547ns  (logic 0.179ns (32.786%)  route 0.368ns (67.214%))
  Logic Levels:           1  (IBUF=1)
  Clock Path Skew:        2.113ns (DCD - SCD - CPR)
    Destination Clock Delay (DCD):    2.113ns
    Source Clock Delay      (SCD):    0.000ns
    Clock Pessimism Removal (CPR):    -0.000ns

    Location             Delay type                Incr(ns)  Path(ns)    Netlist Resource(s)
  -------------------------------------------------------------------    -------------------
    V6                                                0.000     0.000 r  a[1] (IN)
                         net (fo=0)                   0.000     0.000    a[1]
    V6                   IBUF (Prop_ibuf_I_O)         0.179     0.179 r  a_IBUF[1]_inst/O
                         net (fo=1, routed)           0.368     0.547    a_IBUF[1]
    SLICE_X1Y12          FDCE                                         r  a_reg_reg[1]/D
  -------------------------------------------------------------------    -------------------

                         (clock clk rise edge)        0.000     0.000 r  
    U7                                                0.000     0.000 r  clk (IN)
                         net (fo=0)                   0.000     0.000    clk
    U7                   IBUF (Prop_ibuf_I_O)         0.476     0.476 r  clk_IBUF_inst/O
                         net (fo=1, routed)           0.719     1.195    clk_IBUF
    BUFGCTRL_X0Y0        BUFG (Prop_bufg_I_O)         0.029     1.224 r  clk_IBUF_BUFG_inst/O
                         net (fo=14, routed)          0.889     2.113    clk_IBUF_BUFG
    SLICE_X1Y12          FDCE                                         r  a_reg_reg[1]/C

Slack:                    inf
  Source:                 a[0]
                            (input port)
  Destination:            a_reg_reg[0]/D
                            (rising edge-triggered cell FDCE clocked by clk  {rise@0.000ns fall@5.000ns period=10.000ns})
  Path Group:             (none)
  Path Type:              Hold (Min at Fast Process Corner)
  Data Path Delay:        0.553ns  (logic 0.185ns (33.418%)  route 0.368ns (66.582%))
  Logic Levels:           1  (IBUF=1)
  Clock Path Skew:        2.115ns (DCD - SCD - CPR)
    Destination Clock Delay (DCD):    2.115ns
    Source Clock Delay      (SCD):    0.000ns
    Clock Pessimism Removal (CPR):    -0.000ns

    Location             Delay type                Incr(ns)  Path(ns)    Netlist Resource(s)
  -------------------------------------------------------------------    -------------------
    W6                                                0.000     0.000 r  a[0] (IN)
                         net (fo=0)                   0.000     0.000    a[0]
    W6                   IBUF (Prop_ibuf_I_O)         0.185     0.185 r  a_IBUF[0]_inst/O
                         net (fo=1, routed)           0.368     0.553    a_IBUF[0]
    SLICE_X0Y11          FDCE                                         r  a_reg_reg[0]/D
  -------------------------------------------------------------------    -------------------

                         (clock clk rise edge)        0.000     0.000 r  
    U7                                                0.000     0.000 r  clk (IN)
                         net (fo=0)                   0.000     0.000    clk
    U7                   IBUF (Prop_ibuf_I_O)         0.476     0.476 r  clk_IBUF_inst/O
                         net (fo=1, routed)           0.719     1.195    clk_IBUF
    BUFGCTRL_X0Y0        BUFG (Prop_bufg_I_O)         0.029     1.224 r  clk_IBUF_BUFG_inst/O
                         net (fo=14, routed)          0.891     2.115    clk_IBUF_BUFG
    SLICE_X0Y11          FDCE                                         r  a_reg_reg[0]/C

Slack:                    inf
  Source:                 b[3]
                            (input port)
  Destination:            b_reg_reg[3]/D
                            (rising edge-triggered cell FDCE clocked by clk  {rise@0.000ns fall@5.000ns period=10.000ns})
  Path Group:             (none)
  Path Type:              Hold (Min at Fast Process Corner)
  Data Path Delay:        0.564ns  (logic 0.229ns (40.561%)  route 0.336ns (59.439%))
  Logic Levels:           1  (IBUF=1)
  Clock Path Skew:        2.113ns (DCD - SCD - CPR)
    Destination Clock Delay (DCD):    2.113ns
    Source Clock Delay      (SCD):    0.000ns
    Clock Pessimism Removal (CPR):    -0.000ns

    Location             Delay type                Incr(ns)  Path(ns)    Netlist Resource(s)
  -------------------------------------------------------------------    -------------------
    T5                                                0.000     0.000 r  b[3] (IN)
                         net (fo=0)                   0.000     0.000    b[3]
    T5                   IBUF (Prop_ibuf_I_O)         0.229     0.229 r  b_IBUF[3]_inst/O
                         net (fo=1, routed)           0.336     0.564    b_IBUF[3]
    SLICE_X0Y12          FDCE                                         r  b_reg_reg[3]/D
  -------------------------------------------------------------------    -------------------

                         (clock clk rise edge)        0.000     0.000 r  
    U7                                                0.000     0.000 r  clk (IN)
                         net (fo=0)                   0.000     0.000    clk
    U7                   IBUF (Prop_ibuf_I_O)         0.476     0.476 r  clk_IBUF_inst/O
                         net (fo=1, routed)           0.719     1.195    clk_IBUF
    BUFGCTRL_X0Y0        BUFG (Prop_bufg_I_O)         0.029     1.224 r  clk_IBUF_BUFG_inst/O
                         net (fo=14, routed)          0.889     2.113    clk_IBUF_BUFG
    SLICE_X0Y12          FDCE                                         r  b_reg_reg[3]/C

Slack:                    inf
  Source:                 op[1]
                            (input port)
  Destination:            op_reg_reg[1]/D
                            (rising edge-triggered cell FDCE clocked by clk  {rise@0.000ns fall@5.000ns period=10.000ns})
  Path Group:             (none)
  Path Type:              Hold (Min at Fast Process Corner)
  Data Path Delay:        0.569ns  (logic 0.243ns (42.743%)  route 0.326ns (57.257%))
  Logic Levels:           1  (IBUF=1)
  Clock Path Skew:        2.112ns (DCD - SCD - CPR)
    Destination Clock Delay (DCD):    2.112ns
    Source Clock Delay      (SCD):    0.000ns
    Clock Pessimism Removal (CPR):    -0.000ns

    Location             Delay type                Incr(ns)  Path(ns)    Netlist Resource(s)
  -------------------------------------------------------------------    -------------------
    W11                                               0.000     0.000 r  op[1] (IN)
                         net (fo=0)                   0.000     0.000    op[1]
    W11                  IBUF (Prop_ibuf_I_O)         0.243     0.243 r  op_IBUF[1]_inst/O
                         net (fo=1, routed)           0.326     0.569    op_IBUF[1]
    SLICE_X0Y13          FDCE                                         r  op_reg_reg[1]/D
  -------------------------------------------------------------------    -------------------

                         (clock clk rise edge)        0.000     0.000 r  
    U7                                                0.000     0.000 r  clk (IN)
                         net (fo=0)                   0.000     0.000    clk
    U7                   IBUF (Prop_ibuf_I_O)         0.476     0.476 r  clk_IBUF_inst/O
                         net (fo=1, routed)           0.719     1.195    clk_IBUF
    BUFGCTRL_X0Y0        BUFG (Prop_bufg_I_O)         0.029     1.224 r  clk_IBUF_BUFG_inst/O
                         net (fo=14, routed)          0.888     2.112    clk_IBUF_BUFG
    SLICE_X0Y13          FDCE                                         r  op_reg_reg[1]/C

Slack:                    inf
  Source:                 a[3]
                            (input port)
  Destination:            a_reg_reg[3]/D
                            (rising edge-triggered cell FDCE clocked by clk  {rise@0.000ns fall@5.000ns period=10.000ns})
  Path Group:             (none)
  Path Type:              Hold (Min at Fast Process Corner)
  Data Path Delay:        0.584ns  (logic 0.220ns (37.715%)  route 0.364ns (62.285%))
  Logic Levels:           1  (IBUF=1)
  Clock Path Skew:        2.112ns (DCD - SCD - CPR)
    Destination Clock Delay (DCD):    2.112ns
    Source Clock Delay      (SCD):    0.000ns
    Clock Pessimism Removal (CPR):    -0.000ns

    Location             Delay type                Incr(ns)  Path(ns)    Netlist Resource(s)
  -------------------------------------------------------------------    -------------------
    V11                                               0.000     0.000 r  a[3] (IN)
                         net (fo=0)                   0.000     0.000    a[3]
    V11                  IBUF (Prop_ibuf_I_O)         0.220     0.220 r  a_IBUF[3]_inst/O
                         net (fo=1, routed)           0.364     0.584    a_IBUF[3]
    SLICE_X1Y13          FDCE                                         r  a_reg_reg[3]/D
  -------------------------------------------------------------------    -------------------

                         (clock clk rise edge)        0.000     0.000 r  
    U7                                                0.000     0.000 r  clk (IN)
                         net (fo=0)                   0.000     0.000    clk
    U7                   IBUF (Prop_ibuf_I_O)         0.476     0.476 r  clk_IBUF_inst/O
                         net (fo=1, routed)           0.719     1.195    clk_IBUF
    BUFGCTRL_X0Y0        BUFG (Prop_bufg_I_O)         0.029     1.224 r  clk_IBUF_BUFG_inst/O
                         net (fo=14, routed)          0.888     2.112    clk_IBUF_BUFG
    SLICE_X1Y13          FDCE                                         r  a_reg_reg[3]/C

Slack:                    inf
  Source:                 a[2]
                            (input port)
  Destination:            a_reg_reg[2]/D
                            (rising edge-triggered cell FDCE clocked by clk  {rise@0.000ns fall@5.000ns period=10.000ns})
  Path Group:             (none)
  Path Type:              Hold (Min at Fast Process Corner)
  Data Path Delay:        0.633ns  (logic 0.218ns (34.495%)  route 0.415ns (65.505%))
  Logic Levels:           1  (IBUF=1)
  Clock Path Skew:        2.113ns (DCD - SCD - CPR)
    Destination Clock Delay (DCD):    2.113ns
    Source Clock Delay      (SCD):    0.000ns
    Clock Pessimism Removal (CPR):    -0.000ns

    Location             Delay type                Incr(ns)  Path(ns)    Netlist Resource(s)
  -------------------------------------------------------------------    -------------------
    V10                                               0.000     0.000 r  a[2] (IN)
                         net (fo=0)                   0.000     0.000    a[2]
    V10                  IBUF (Prop_ibuf_I_O)         0.218     0.218 r  a_IBUF[2]_inst/O
                         net (fo=1, routed)           0.415     0.633    a_IBUF[2]
    SLICE_X1Y12          FDCE                                         r  a_reg_reg[2]/D
  -------------------------------------------------------------------    -------------------

                         (clock clk rise edge)        0.000     0.000 r  
    U7                                                0.000     0.000 r  clk (IN)
                         net (fo=0)                   0.000     0.000    clk
    U7                   IBUF (Prop_ibuf_I_O)         0.476     0.476 r  clk_IBUF_inst/O
                         net (fo=1, routed)           0.719     1.195    clk_IBUF
    BUFGCTRL_X0Y0        BUFG (Prop_bufg_I_O)         0.029     1.224 r  clk_IBUF_BUFG_inst/O
                         net (fo=14, routed)          0.889     2.113    clk_IBUF_BUFG
    SLICE_X1Y12          FDCE                                         r  a_reg_reg[2]/C

Slack:                    inf
  Source:                 b[1]
                            (input port)
  Destination:            b_reg_reg[1]/D
                            (rising edge-triggered cell FDCE clocked by clk  {rise@0.000ns fall@5.000ns period=10.000ns})
  Path Group:             (none)
  Path Type:              Hold (Min at Fast Process Corner)
  Data Path Delay:        0.659ns  (logic 0.260ns (39.507%)  route 0.399ns (60.493%))
  Logic Levels:           1  (IBUF=1)
  Clock Path Skew:        2.113ns (DCD - SCD - CPR)
    Destination Clock Delay (DCD):    2.113ns
    Source Clock Delay      (SCD):    0.000ns
    Clock Pessimism Removal (CPR):    -0.000ns

    Location             Delay type                Incr(ns)  Path(ns)    Netlist Resource(s)
  -------------------------------------------------------------------    -------------------
    Y12                                               0.000     0.000 r  b[1] (IN)
                         net (fo=0)                   0.000     0.000    b[1]
    Y12                  IBUF (Prop_ibuf_I_O)         0.260     0.260 r  b_IBUF[1]_inst/O
                         net (fo=1, routed)           0.399     0.659    b_IBUF[1]
    SLICE_X1Y12          FDCE                                         r  b_reg_reg[1]/D
  -------------------------------------------------------------------    -------------------

                         (clock clk rise edge)        0.000     0.000 r  
    U7                                                0.000     0.000 r  clk (IN)
                         net (fo=0)                   0.000     0.000    clk
    U7                   IBUF (Prop_ibuf_I_O)         0.476     0.476 r  clk_IBUF_inst/O
                         net (fo=1, routed)           0.719     1.195    clk_IBUF
    BUFGCTRL_X0Y0        BUFG (Prop_bufg_I_O)         0.029     1.224 r  clk_IBUF_BUFG_inst/O
                         net (fo=14, routed)          0.889     2.113    clk_IBUF_BUFG
    SLICE_X1Y12          FDCE                                         r  b_reg_reg[1]/C

Slack:                    inf
  Source:                 b[0]
                            (input port)
  Destination:            b_reg_reg[0]/D
                            (rising edge-triggered cell FDCE clocked by clk  {rise@0.000ns fall@5.000ns period=10.000ns})
  Path Group:             (none)
  Path Type:              Hold (Min at Fast Process Corner)
  Data Path Delay:        0.691ns  (logic 0.262ns (37.865%)  route 0.429ns (62.135%))
  Logic Levels:           1  (IBUF=1)
  Clock Path Skew:        2.113ns (DCD - SCD - CPR)
    Destination Clock Delay (DCD):    2.113ns
    Source Clock Delay      (SCD):    0.000ns
    Clock Pessimism Removal (CPR):    -0.000ns

    Location             Delay type                Incr(ns)  Path(ns)    Netlist Resource(s)
  -------------------------------------------------------------------    -------------------
    Y13                                               0.000     0.000 r  b[0] (IN)
                         net (fo=0)                   0.000     0.000    b[0]
    Y13                  IBUF (Prop_ibuf_I_O)         0.262     0.262 r  b_IBUF[0]_inst/O
                         net (fo=1, routed)           0.429     0.691    b_IBUF[0]
    SLICE_X1Y12          FDCE                                         r  b_reg_reg[0]/D
  -------------------------------------------------------------------    -------------------

                         (clock clk rise edge)        0.000     0.000 r  
    U7                                                0.000     0.000 r  clk (IN)
                         net (fo=0)                   0.000     0.000    clk
    U7                   IBUF (Prop_ibuf_I_O)         0.476     0.476 r  clk_IBUF_inst/O
                         net (fo=1, routed)           0.719     1.195    clk_IBUF
    BUFGCTRL_X0Y0        BUFG (Prop_bufg_I_O)         0.029     1.224 r  clk_IBUF_BUFG_inst/O
                         net (fo=14, routed)          0.889     2.113    clk_IBUF_BUFG
    SLICE_X1Y12          FDCE                                         r  b_reg_reg[0]/C





