Copyright 1986-2022 Xilinx, Inc. All Rights Reserved. Copyright 2022-2025 Advanced Micro Devices, Inc. All Rights Reserved.
------------------------------------------------------------------------------------------------------------------------------------------------------------------------------------------------------------------------------------------------------
| Tool Version : Vivado v.2025.2 (lin64) Build 6299465 Fri Nov 14 12:34:56 MST 2025
| Date         : Sat Sep 19 17:52:53 2026
| Host         : dmas-pc running 64-bit Ubuntu 24.04.4 LTS
| Command      : report_timing_summary -max_paths 10 -routable_nets -report_unconstrained -file expr_plain_top_timing_summary_routed.rpt -pb expr_plain_top_timing_summary_routed.pb -rpx expr_plain_top_timing_summary_routed.rpx -warn_on_violation
| Design       : expr_plain_top
| Device       : 7z020-clg400
| Speed File   : -2  PRODUCTION 1.12 2019-11-22
| Design State : Routed
------------------------------------------------------------------------------------------------------------------------------------------------------------------------------------------------------------------------------------------------------

Timing Summary Report

------------------------------------------------------------------------------------------------
| Timer Settings
| --------------
------------------------------------------------------------------------------------------------

  Enable Multi Corner Analysis               :  Yes
  Enable Pessimism Removal                   :  Yes
  Pessimism Removal Resolution               :  Nearest Common Node
  Enable Input Delay Default Clock           :  No
  Enable Preset / Clear Arcs                 :  No
  Disable Flight Delays                      :  No
  Ignore I/O Paths                           :  No
  Timing Early Launch at Borrowing Latches   :  No
  Borrow Time for Max Delay Exceptions       :  Yes
  Merge Timing Exceptions                    :  Yes
  Inter-SLR Compensation                     :  Conservative

  Corner  Analyze    Analyze    
  Name    Max Paths  Min Paths  
  ------  ---------  ---------  
  Slow    Yes        Yes        
  Fast    Yes        Yes        


------------------------------------------------------------------------------------------------
| Report Methodology
| ------------------
------------------------------------------------------------------------------------------------

Rule       Severity  Description                    Violations  
---------  --------  -----------------------------  ----------  
TIMING-16  Warning   Large setup violation          7           
TIMING-18  Warning   Missing input or output delay  49          

Note: This report is based on the most recent report_methodology run and may not be up-to-date. Run report_methodology on the current design for the latest report.



check_timing report

Table of Contents
-----------------
1. checking no_clock (0)
2. checking constant_clock (0)
3. checking pulse_width_clock (0)
4. checking unconstrained_internal_endpoints (0)
5. checking no_input_delay (33)
6. checking no_output_delay (16)
7. checking multiple_clock (0)
8. checking generated_clocks (0)
9. checking loops (0)
10. checking partial_input_delay (0)
11. checking partial_output_delay (0)
12. checking latch_loops (0)

1. checking no_clock (0)
------------------------
 There are 0 register/latch pins with no clock.


2. checking constant_clock (0)
------------------------------
 There are 0 register/latch pins with constant_clock.


3. checking pulse_width_clock (0)
---------------------------------
 There are 0 register/latch pins which need pulse_width check


4. checking unconstrained_internal_endpoints (0)
------------------------------------------------
 There are 0 pins that are not constrained for maximum delay.

 There are 0 pins that are not constrained for maximum delay due to constant clock.


5. checking no_input_delay (33)
-------------------------------
 There are 33 input ports with no input delay specified. (HIGH)

 There are 0 input ports with no input delay but user has a false path constraint.


6. checking no_output_delay (16)
--------------------------------
 There are 16 ports with no output delay specified. (HIGH)

 There are 0 ports with no output delay but user has a false path constraint

 There are 0 ports with no output delay but with a timing clock defined on it or propagating through it


7. checking multiple_clock (0)
------------------------------
 There are 0 register/latch pins with multiple clocks.


8. checking generated_clocks (0)
--------------------------------
 There are 0 generated clocks that are not connected to a clock source.


9. checking loops (0)
---------------------
 There are 0 combinational loops in the design.


10. checking partial_input_delay (0)
------------------------------------
 There are 0 input ports with partial input delay specified.


11. checking partial_output_delay (0)
-------------------------------------
 There are 0 ports with partial output delay specified.


12. checking latch_loops (0)
----------------------------
 There are 0 combinational latch loops in the design through latch input



------------------------------------------------------------------------------------------------
| Design Timing Summary
| ---------------------
------------------------------------------------------------------------------------------------

    WNS(ns)      TNS(ns)  TNS Failing Endpoints  TNS Total Endpoints      WHS(ns)      THS(ns)  THS Failing Endpoints  THS Total Endpoints     WPWS(ns)     TPWS(ns)  TPWS Failing Endpoints  TPWS Total Endpoints  
    -------      -------  ---------------------  -------------------      -------      -------  ---------------------  -------------------     --------     --------  ----------------------  --------------------  
     -1.772      -13.650                     12                   16        0.190        0.000                      0                   16        2.000        0.000                       0                    49  


Timing constraints are not met.


------------------------------------------------------------------------------------------------
| Clock Summary
| -------------
------------------------------------------------------------------------------------------------

Clock    Waveform(ns)         Period(ns)      Frequency(MHz)
-----    ------------         ----------      --------------
sys_clk  {0.000 2.500}        5.000           200.000         


------------------------------------------------------------------------------------------------
| Intra Clock Table
| -----------------
------------------------------------------------------------------------------------------------

Clock             WNS(ns)      TNS(ns)  TNS Failing Endpoints  TNS Total Endpoints      WHS(ns)      THS(ns)  THS Failing Endpoints  THS Total Endpoints     WPWS(ns)     TPWS(ns)  TPWS Failing Endpoints  TPWS Total Endpoints  
-----             -------      -------  ---------------------  -------------------      -------      -------  ---------------------  -------------------     --------     --------  ----------------------  --------------------  
sys_clk            -1.772      -13.650                     12                   16        0.190        0.000                      0                   16        2.000        0.000                       0                    49  


------------------------------------------------------------------------------------------------
| Inter Clock Table
| -----------------
------------------------------------------------------------------------------------------------

From Clock    To Clock          WNS(ns)      TNS(ns)  TNS Failing Endpoints  TNS Total Endpoints      WHS(ns)      THS(ns)  THS Failing Endpoints  THS Total Endpoints  
----------    --------          -------      -------  ---------------------  -------------------      -------      -------  ---------------------  -------------------  


------------------------------------------------------------------------------------------------
| Other Path Groups Table
| -----------------------
------------------------------------------------------------------------------------------------

Path Group    From Clock    To Clock          WNS(ns)      TNS(ns)  TNS Failing Endpoints  TNS Total Endpoints      WHS(ns)      THS(ns)  THS Failing Endpoints  THS Total Endpoints  
----------    ----------    --------          -------      -------  ---------------------  -------------------      -------      -------  ---------------------  -------------------  


------------------------------------------------------------------------------------------------
| User Ignored Path Table
| -----------------------
------------------------------------------------------------------------------------------------

Path Group    From Clock    To Clock    
----------    ----------    --------    


------------------------------------------------------------------------------------------------
| Unconstrained Path Table
| ------------------------
------------------------------------------------------------------------------------------------

Path Group    From Clock    To Clock    
----------    ----------    --------    
(none)        sys_clk                     
(none)                      sys_clk       


------------------------------------------------------------------------------------------------
| Timing Details
| --------------
------------------------------------------------------------------------------------------------


---------------------------------------------------------------------------------------------------
From Clock:  sys_clk
  To Clock:  sys_clk

Setup :           12  Failing Endpoints,  Worst Slack       -1.772ns,  Total Violation      -13.650ns
Hold  :            0  Failing Endpoints,  Worst Slack        0.190ns,  Total Violation        0.000ns
PW    :            0  Failing Endpoints,  Worst Slack        2.000ns,  Total Violation        0.000ns
---------------------------------------------------------------------------------------------------


Max Delay Paths
--------------------------------------------------------------------------------------
Slack (VIOLATED) :        -1.772ns  (required time - arrival time)
  Source:                 a_reg_reg[0]/C
                            (rising edge-triggered cell FDCE clocked by sys_clk  {rise@0.000ns fall@2.500ns period=5.000ns})
  Destination:            result_reg[13]/D
                            (rising edge-triggered cell FDCE clocked by sys_clk  {rise@0.000ns fall@2.500ns period=5.000ns})
  Path Group:             sys_clk
  Path Type:              Setup (Max at Slow Process Corner)
  Requirement:            5.000ns  (sys_clk rise@5.000ns - sys_clk rise@0.000ns)
  Data Path Delay:        6.623ns  (logic 3.440ns (51.940%)  route 3.183ns (48.060%))
  Logic Levels:           12  (CARRY4=6 LUT2=1 LUT3=1 LUT4=1 LUT6=3)
  Clock Path Skew:        -0.173ns (DCD - SCD + CPR)
    Destination Clock Delay (DCD):    3.888ns = ( 8.888 - 5.000 ) 
    Source Clock Delay      (SCD):    4.373ns
    Clock Pessimism Removal (CPR):    0.312ns
  Clock Uncertainty:      0.035ns  ((TSJ^2 + TIJ^2)^1/2 + DJ) / 2 + PE
    Total System Jitter     (TSJ):    0.071ns
    Total Input Jitter      (TIJ):    0.000ns
    Discrete Jitter          (DJ):    0.000ns
    Phase Error              (PE):    0.000ns

    Location             Delay type                Incr(ns)  Path(ns)    Netlist Resource(s)
  -------------------------------------------------------------------    -------------------
                         (clock sys_clk rise edge)    0.000     0.000 r  
    U14                                               0.000     0.000 r  clk (IN)
                         net (fo=0)                   0.000     0.000    clk
    U14                  IBUF (Prop_ibuf_I_O)         1.007     1.007 r  clk_IBUF_inst/O
                         net (fo=1, routed)           1.873     2.880    clk_IBUF
    BUFGCTRL_X0Y16       BUFG (Prop_bufg_I_O)         0.085     2.965 r  clk_IBUF_BUFG_inst/O
                         net (fo=48, routed)          1.408     4.373    clk_IBUF_BUFG
    SLICE_X44Y49         FDCE                                         r  a_reg_reg[0]/C
  -------------------------------------------------------------------    -------------------
    SLICE_X44Y49         FDCE (Prop_fdce_C_Q)         0.379     4.752 r  a_reg_reg[0]/Q
                         net (fo=2, routed)           0.467     5.219    a_reg[0]
    SLICE_X47Y50         LUT2 (Prop_lut2_I0_O)        0.105     5.324 r  result[11]_i_30/O
                         net (fo=1, routed)           0.000     5.324    result[11]_i_30_n_0
    SLICE_X47Y50         CARRY4 (Prop_carry4_S[0]_O[2])
                                                      0.453     5.777 r  result_reg[11]_i_17/O[2]
                         net (fo=20, routed)          0.720     6.497    result2[2]
    SLICE_X44Y49         LUT6 (Prop_lut6_I4_O)        0.253     6.750 r  result[15]_i_53/O
                         net (fo=2, routed)           0.489     7.239    result[15]_i_53_n_0
    SLICE_X46Y50         LUT6 (Prop_lut6_I0_O)        0.105     7.344 r  result[15]_i_57/O
                         net (fo=1, routed)           0.000     7.344    result[15]_i_57_n_0
    SLICE_X46Y50         CARRY4 (Prop_carry4_S[0]_O[2])
                                                      0.452     7.796 r  result_reg[15]_i_22/O[2]
                         net (fo=5, routed)           0.491     8.287    result_reg[15]_i_22_n_5
    SLICE_X46Y52         LUT3 (Prop_lut3_I2_O)        0.244     8.531 r  result[11]_i_16_comp_1/O
                         net (fo=1, routed)           0.236     8.767    result[11]_i_16_n_0
    SLICE_X46Y53         LUT6 (Prop_lut6_I3_O)        0.105     8.872 r  result[11]_i_7_comp/O
                         net (fo=1, routed)           0.366     9.237    result[11]_i_7_n_0
    SLICE_X44Y51         CARRY4 (Prop_carry4_DI[3]_CO[3])
                                                      0.318     9.555 r  result_reg[11]_i_2/CO[3]
                         net (fo=1, routed)           0.000     9.555    result_reg[11]_i_2_n_0
    SLICE_X44Y52         CARRY4 (Prop_carry4_CI_O[0])
                                                      0.180     9.735 r  result_reg[15]_i_2/O[0]
                         net (fo=2, routed)           0.414    10.150    result1[11]
    SLICE_X43Y51         LUT4 (Prop_lut4_I3_O)        0.249    10.399 r  result[11]_i_3/O
                         net (fo=1, routed)           0.000    10.399    result[11]_i_3_n_0
    SLICE_X43Y51         CARRY4 (Prop_carry4_S[3]_CO[3])
                                                      0.332    10.731 r  result_reg[11]_i_1/CO[3]
                         net (fo=1, routed)           0.000    10.731    result_reg[11]_i_1_n_0
    SLICE_X43Y52         CARRY4 (Prop_carry4_CI_O[1])
                                                      0.265    10.996 r  result_reg[15]_i_1/O[1]
                         net (fo=1, routed)           0.000    10.996    result00_out[13]
    SLICE_X43Y52         FDCE                                         r  result_reg[13]/D
  -------------------------------------------------------------------    -------------------

                         (clock sys_clk rise edge)    5.000     5.000 r  
    U14                                               0.000     5.000 r  clk (IN)
                         net (fo=0)                   0.000     5.000    clk
    U14                  IBUF (Prop_ibuf_I_O)         0.875     5.875 r  clk_IBUF_inst/O
                         net (fo=1, routed)           1.701     7.576    clk_IBUF
    BUFGCTRL_X0Y16       BUFG (Prop_bufg_I_O)         0.077     7.653 r  clk_IBUF_BUFG_inst/O
                         net (fo=48, routed)          1.235     8.888    clk_IBUF_BUFG
    SLICE_X43Y52         FDCE                                         r  result_reg[13]/C
                         clock pessimism              0.312     9.200    
                         clock uncertainty           -0.035     9.164    
    SLICE_X43Y52         FDCE (Setup_fdce_C_D)        0.059     9.223    result_reg[13]
  -------------------------------------------------------------------
                         required time                          9.223    
                         arrival time                         -10.996    
  -------------------------------------------------------------------
                         slack                                 -1.772    

Slack (VIOLATED) :        -1.767ns  (required time - arrival time)
  Source:                 a_reg_reg[0]/C
                            (rising edge-triggered cell FDCE clocked by sys_clk  {rise@0.000ns fall@2.500ns period=5.000ns})
  Destination:            result_reg[15]/D
                            (rising edge-triggered cell FDCE clocked by sys_clk  {rise@0.000ns fall@2.500ns period=5.000ns})
  Path Group:             sys_clk
  Path Type:              Setup (Max at Slow Process Corner)
  Requirement:            5.000ns  (sys_clk rise@5.000ns - sys_clk rise@0.000ns)
  Data Path Delay:        6.618ns  (logic 3.435ns (51.904%)  route 3.183ns (48.096%))
  Logic Levels:           12  (CARRY4=6 LUT2=1 LUT3=1 LUT4=1 LUT6=3)
  Clock Path Skew:        -0.173ns (DCD - SCD + CPR)
    Destination Clock Delay (DCD):    3.888ns = ( 8.888 - 5.000 ) 
    Source Clock Delay      (SCD):    4.373ns
    Clock Pessimism Removal (CPR):    0.312ns
  Clock Uncertainty:      0.035ns  ((TSJ^2 + TIJ^2)^1/2 + DJ) / 2 + PE
    Total System Jitter     (TSJ):    0.071ns
    Total Input Jitter      (TIJ):    0.000ns
    Discrete Jitter          (DJ):    0.000ns
    Phase Error              (PE):    0.000ns

    Location             Delay type                Incr(ns)  Path(ns)    Netlist Resource(s)
  -------------------------------------------------------------------    -------------------
                         (clock sys_clk rise edge)    0.000     0.000 r  
    U14                                               0.000     0.000 r  clk (IN)
                         net (fo=0)                   0.000     0.000    clk
    U14                  IBUF (Prop_ibuf_I_O)         1.007     1.007 r  clk_IBUF_inst/O
                         net (fo=1, routed)           1.873     2.880    clk_IBUF
    BUFGCTRL_X0Y16       BUFG (Prop_bufg_I_O)         0.085     2.965 r  clk_IBUF_BUFG_inst/O
                         net (fo=48, routed)          1.408     4.373    clk_IBUF_BUFG
    SLICE_X44Y49         FDCE                                         r  a_reg_reg[0]/C
  -------------------------------------------------------------------    -------------------
    SLICE_X44Y49         FDCE (Prop_fdce_C_Q)         0.379     4.752 r  a_reg_reg[0]/Q
                         net (fo=2, routed)           0.467     5.219    a_reg[0]
    SLICE_X47Y50         LUT2 (Prop_lut2_I0_O)        0.105     5.324 r  result[11]_i_30/O
                         net (fo=1, routed)           0.000     5.324    result[11]_i_30_n_0
    SLICE_X47Y50         CARRY4 (Prop_carry4_S[0]_O[2])
                                                      0.453     5.777 r  result_reg[11]_i_17/O[2]
                         net (fo=20, routed)          0.720     6.497    result2[2]
    SLICE_X44Y49         LUT6 (Prop_lut6_I4_O)        0.253     6.750 r  result[15]_i_53/O
                         net (fo=2, routed)           0.489     7.239    result[15]_i_53_n_0
    SLICE_X46Y50         LUT6 (Prop_lut6_I0_O)        0.105     7.344 r  result[15]_i_57/O
                         net (fo=1, routed)           0.000     7.344    result[15]_i_57_n_0
    SLICE_X46Y50         CARRY4 (Prop_carry4_S[0]_O[2])
                                                      0.452     7.796 r  result_reg[15]_i_22/O[2]
                         net (fo=5, routed)           0.491     8.287    result_reg[15]_i_22_n_5
    SLICE_X46Y52         LUT3 (Prop_lut3_I2_O)        0.244     8.531 r  result[11]_i_16_comp_1/O
                         net (fo=1, routed)           0.236     8.767    result[11]_i_16_n_0
    SLICE_X46Y53         LUT6 (Prop_lut6_I3_O)        0.105     8.872 r  result[11]_i_7_comp/O
                         net (fo=1, routed)           0.366     9.237    result[11]_i_7_n_0
    SLICE_X44Y51         CARRY4 (Prop_carry4_DI[3]_CO[3])
                                                      0.318     9.555 r  result_reg[11]_i_2/CO[3]
                         net (fo=1, routed)           0.000     9.555    result_reg[11]_i_2_n_0
    SLICE_X44Y52         CARRY4 (Prop_carry4_CI_O[0])
                                                      0.180     9.735 r  result_reg[15]_i_2/O[0]
                         net (fo=2, routed)           0.414    10.150    result1[11]
    SLICE_X43Y51         LUT4 (Prop_lut4_I3_O)        0.249    10.399 r  result[11]_i_3/O
                         net (fo=1, routed)           0.000    10.399    result[11]_i_3_n_0
    SLICE_X43Y51         CARRY4 (Prop_carry4_S[3]_CO[3])
                                                      0.332    10.731 r  result_reg[11]_i_1/CO[3]
                         net (fo=1, routed)           0.000    10.731    result_reg[11]_i_1_n_0
    SLICE_X43Y52         CARRY4 (Prop_carry4_CI_O[3])
                                                      0.260    10.991 r  result_reg[15]_i_1/O[3]
                         net (fo=1, routed)           0.000    10.991    result00_out[15]
    SLICE_X43Y52         FDCE                                         r  result_reg[15]/D
  -------------------------------------------------------------------    -------------------

                         (clock sys_clk rise edge)    5.000     5.000 r  
    U14                                               0.000     5.000 r  clk (IN)
                         net (fo=0)                   0.000     5.000    clk
    U14                  IBUF (Prop_ibuf_I_O)         0.875     5.875 r  clk_IBUF_inst/O
                         net (fo=1, routed)           1.701     7.576    clk_IBUF
    BUFGCTRL_X0Y16       BUFG (Prop_bufg_I_O)         0.077     7.653 r  clk_IBUF_BUFG_inst/O
                         net (fo=48, routed)          1.235     8.888    clk_IBUF_BUFG
    SLICE_X43Y52         FDCE                                         r  result_reg[15]/C
                         clock pessimism              0.312     9.200    
                         clock uncertainty           -0.035     9.164    
    SLICE_X43Y52         FDCE (Setup_fdce_C_D)        0.059     9.223    result_reg[15]
  -------------------------------------------------------------------
                         required time                          9.223    
                         arrival time                         -10.991    
  -------------------------------------------------------------------
                         slack                                 -1.767    

Slack (VIOLATED) :        -1.708ns  (required time - arrival time)
  Source:                 a_reg_reg[0]/C
                            (rising edge-triggered cell FDCE clocked by sys_clk  {rise@0.000ns fall@2.500ns period=5.000ns})
  Destination:            result_reg[14]/D
                            (rising edge-triggered cell FDCE clocked by sys_clk  {rise@0.000ns fall@2.500ns period=5.000ns})
  Path Group:             sys_clk
  Path Type:              Setup (Max at Slow Process Corner)
  Requirement:            5.000ns  (sys_clk rise@5.000ns - sys_clk rise@0.000ns)
  Data Path Delay:        6.559ns  (logic 3.283ns (50.053%)  route 3.276ns (49.947%))
  Logic Levels:           10  (CARRY4=5 LUT2=1 LUT3=1 LUT6=3)
  Clock Path Skew:        -0.173ns (DCD - SCD + CPR)
    Destination Clock Delay (DCD):    3.888ns = ( 8.888 - 5.000 ) 
    Source Clock Delay      (SCD):    4.373ns
    Clock Pessimism Removal (CPR):    0.312ns
  Clock Uncertainty:      0.035ns  ((TSJ^2 + TIJ^2)^1/2 + DJ) / 2 + PE
    Total System Jitter     (TSJ):    0.071ns
    Total Input Jitter      (TIJ):    0.000ns
    Discrete Jitter          (DJ):    0.000ns
    Phase Error              (PE):    0.000ns

    Location             Delay type                Incr(ns)  Path(ns)    Netlist Resource(s)
  -------------------------------------------------------------------    -------------------
                         (clock sys_clk rise edge)    0.000     0.000 r  
    U14                                               0.000     0.000 r  clk (IN)
                         net (fo=0)                   0.000     0.000    clk
    U14                  IBUF (Prop_ibuf_I_O)         1.007     1.007 r  clk_IBUF_inst/O
                         net (fo=1, routed)           1.873     2.880    clk_IBUF
    BUFGCTRL_X0Y16       BUFG (Prop_bufg_I_O)         0.085     2.965 r  clk_IBUF_BUFG_inst/O
                         net (fo=48, routed)          1.408     4.373    clk_IBUF_BUFG
    SLICE_X44Y49         FDCE                                         r  a_reg_reg[0]/C
  -------------------------------------------------------------------    -------------------
    SLICE_X44Y49         FDCE (Prop_fdce_C_Q)         0.379     4.752 r  a_reg_reg[0]/Q
                         net (fo=2, routed)           0.467     5.219    a_reg[0]
    SLICE_X47Y50         LUT2 (Prop_lut2_I0_O)        0.105     5.324 r  result[11]_i_30/O
                         net (fo=1, routed)           0.000     5.324    result[11]_i_30_n_0
    SLICE_X47Y50         CARRY4 (Prop_carry4_S[0]_O[2])
                                                      0.453     5.777 r  result_reg[11]_i_17/O[2]
                         net (fo=20, routed)          0.720     6.497    result2[2]
    SLICE_X44Y49         LUT6 (Prop_lut6_I4_O)        0.253     6.750 r  result[15]_i_53/O
                         net (fo=2, routed)           0.489     7.239    result[15]_i_53_n_0
    SLICE_X46Y50         LUT6 (Prop_lut6_I0_O)        0.105     7.344 r  result[15]_i_57/O
                         net (fo=1, routed)           0.000     7.344    result[15]_i_57_n_0
    SLICE_X46Y50         CARRY4 (Prop_carry4_S[0]_O[2])
                                                      0.452     7.796 r  result_reg[15]_i_22/O[2]
                         net (fo=5, routed)           0.491     8.287    result_reg[15]_i_22_n_5
    SLICE_X46Y52         LUT3 (Prop_lut3_I2_O)        0.244     8.531 r  result[11]_i_16_comp_1/O
                         net (fo=1, routed)           0.236     8.767    result[11]_i_16_n_0
    SLICE_X46Y53         LUT6 (Prop_lut6_I3_O)        0.105     8.872 r  result[11]_i_7_comp/O
                         net (fo=1, routed)           0.366     9.237    result[11]_i_7_n_0
    SLICE_X44Y51         CARRY4 (Prop_carry4_DI[3]_CO[3])
                                                      0.318     9.555 r  result_reg[11]_i_2/CO[3]
                         net (fo=1, routed)           0.000     9.555    result_reg[11]_i_2_n_0
    SLICE_X44Y52         CARRY4 (Prop_carry4_CI_O[1])
                                                      0.265     9.820 r  result_reg[15]_i_2/O[1]
                         net (fo=2, routed)           0.508    10.328    result1[12]
    SLICE_X43Y52         CARRY4 (Prop_carry4_DI[0]_O[2])
                                                      0.604    10.932 r  result_reg[15]_i_1/O[2]
                         net (fo=1, routed)           0.000    10.932    result00_out[14]
    SLICE_X43Y52         FDCE                                         r  result_reg[14]/D
  -------------------------------------------------------------------    -------------------

                         (clock sys_clk rise edge)    5.000     5.000 r  
    U14                                               0.000     5.000 r  clk (IN)
                         net (fo=0)                   0.000     5.000    clk
    U14                  IBUF (Prop_ibuf_I_O)         0.875     5.875 r  clk_IBUF_inst/O
                         net (fo=1, routed)           1.701     7.576    clk_IBUF
    BUFGCTRL_X0Y16       BUFG (Prop_bufg_I_O)         0.077     7.653 r  clk_IBUF_BUFG_inst/O
                         net (fo=48, routed)          1.235     8.888    clk_IBUF_BUFG
    SLICE_X43Y52         FDCE                                         r  result_reg[14]/C
                         clock pessimism              0.312     9.200    
                         clock uncertainty           -0.035     9.164    
    SLICE_X43Y52         FDCE (Setup_fdce_C_D)        0.059     9.223    result_reg[14]
  -------------------------------------------------------------------
                         required time                          9.223    
                         arrival time                         -10.932    
  -------------------------------------------------------------------
                         slack                                 -1.708    

Slack (VIOLATED) :        -1.688ns  (required time - arrival time)
  Source:                 a_reg_reg[0]/C
                            (rising edge-triggered cell FDCE clocked by sys_clk  {rise@0.000ns fall@2.500ns period=5.000ns})
  Destination:            result_reg[12]/D
                            (rising edge-triggered cell FDCE clocked by sys_clk  {rise@0.000ns fall@2.500ns period=5.000ns})
  Path Group:             sys_clk
  Path Type:              Setup (Max at Slow Process Corner)
  Requirement:            5.000ns  (sys_clk rise@5.000ns - sys_clk rise@0.000ns)
  Data Path Delay:        6.539ns  (logic 3.356ns (51.323%)  route 3.183ns (48.677%))
  Logic Levels:           12  (CARRY4=6 LUT2=1 LUT3=1 LUT4=1 LUT6=3)
  Clock Path Skew:        -0.173ns (DCD - SCD + CPR)
    Destination Clock Delay (DCD):    3.888ns = ( 8.888 - 5.000 ) 
    Source Clock Delay      (SCD):    4.373ns
    Clock Pessimism Removal (CPR):    0.312ns
  Clock Uncertainty:      0.035ns  ((TSJ^2 + TIJ^2)^1/2 + DJ) / 2 + PE
    Total System Jitter     (TSJ):    0.071ns
    Total Input Jitter      (TIJ):    0.000ns
    Discrete Jitter          (DJ):    0.000ns
    Phase Error              (PE):    0.000ns

    Location             Delay type                Incr(ns)  Path(ns)    Netlist Resource(s)
  -------------------------------------------------------------------    -------------------
                         (clock sys_clk rise edge)    0.000     0.000 r  
    U14                                               0.000     0.000 r  clk (IN)
                         net (fo=0)                   0.000     0.000    clk
    U14                  IBUF (Prop_ibuf_I_O)         1.007     1.007 r  clk_IBUF_inst/O
                         net (fo=1, routed)           1.873     2.880    clk_IBUF
    BUFGCTRL_X0Y16       BUFG (Prop_bufg_I_O)         0.085     2.965 r  clk_IBUF_BUFG_inst/O
                         net (fo=48, routed)          1.408     4.373    clk_IBUF_BUFG
    SLICE_X44Y49         FDCE                                         r  a_reg_reg[0]/C
  -------------------------------------------------------------------    -------------------
    SLICE_X44Y49         FDCE (Prop_fdce_C_Q)         0.379     4.752 r  a_reg_reg[0]/Q
                         net (fo=2, routed)           0.467     5.219    a_reg[0]
    SLICE_X47Y50         LUT2 (Prop_lut2_I0_O)        0.105     5.324 r  result[11]_i_30/O
                         net (fo=1, routed)           0.000     5.324    result[11]_i_30_n_0
    SLICE_X47Y50         CARRY4 (Prop_carry4_S[0]_O[2])
                                                      0.453     5.777 r  result_reg[11]_i_17/O[2]
                         net (fo=20, routed)          0.720     6.497    result2[2]
    SLICE_X44Y49         LUT6 (Prop_lut6_I4_O)        0.253     6.750 r  result[15]_i_53/O
                         net (fo=2, routed)           0.489     7.239    result[15]_i_53_n_0
    SLICE_X46Y50         LUT6 (Prop_lut6_I0_O)        0.105     7.344 r  result[15]_i_57/O
                         net (fo=1, routed)           0.000     7.344    result[15]_i_57_n_0
    SLICE_X46Y50         CARRY4 (Prop_carry4_S[0]_O[2])
                                                      0.452     7.796 r  result_reg[15]_i_22/O[2]
                         net (fo=5, routed)           0.491     8.287    result_reg[15]_i_22_n_5
    SLICE_X46Y52         LUT3 (Prop_lut3_I2_O)        0.244     8.531 r  result[11]_i_16_comp_1/O
                         net (fo=1, routed)           0.236     8.767    result[11]_i_16_n_0
    SLICE_X46Y53         LUT6 (Prop_lut6_I3_O)        0.105     8.872 r  result[11]_i_7_comp/O
                         net (fo=1, routed)           0.366     9.237    result[11]_i_7_n_0
    SLICE_X44Y51         CARRY4 (Prop_carry4_DI[3]_CO[3])
                                                      0.318     9.555 r  result_reg[11]_i_2/CO[3]
                         net (fo=1, routed)           0.000     9.555    result_reg[11]_i_2_n_0
    SLICE_X44Y52         CARRY4 (Prop_carry4_CI_O[0])
                                                      0.180     9.735 r  result_reg[15]_i_2/O[0]
                         net (fo=2, routed)           0.414    10.150    result1[11]
    SLICE_X43Y51         LUT4 (Prop_lut4_I3_O)        0.249    10.399 r  result[11]_i_3/O
                         net (fo=1, routed)           0.000    10.399    result[11]_i_3_n_0
    SLICE_X43Y51         CARRY4 (Prop_carry4_S[3]_CO[3])
                                                      0.332    10.731 r  result_reg[11]_i_1/CO[3]
                         net (fo=1, routed)           0.000    10.731    result_reg[11]_i_1_n_0
    SLICE_X43Y52         CARRY4 (Prop_carry4_CI_O[0])
                                                      0.181    10.912 r  result_reg[15]_i_1/O[0]
                         net (fo=1, routed)           0.000    10.912    result00_out[12]
    SLICE_X43Y52         FDCE                                         r  result_reg[12]/D
  -------------------------------------------------------------------    -------------------

                         (clock sys_clk rise edge)    5.000     5.000 r  
    U14                                               0.000     5.000 r  clk (IN)
                         net (fo=0)                   0.000     5.000    clk
    U14                  IBUF (Prop_ibuf_I_O)         0.875     5.875 r  clk_IBUF_inst/O
                         net (fo=1, routed)           1.701     7.576    clk_IBUF
    BUFGCTRL_X0Y16       BUFG (Prop_bufg_I_O)         0.077     7.653 r  clk_IBUF_BUFG_inst/O
                         net (fo=48, routed)          1.235     8.888    clk_IBUF_BUFG
    SLICE_X43Y52         FDCE                                         r  result_reg[12]/C
                         clock pessimism              0.312     9.200    
                         clock uncertainty           -0.035     9.164    
    SLICE_X43Y52         FDCE (Setup_fdce_C_D)        0.059     9.223    result_reg[12]
  -------------------------------------------------------------------
                         required time                          9.223    
                         arrival time                         -10.912    
  -------------------------------------------------------------------
                         slack                                 -1.688    

Slack (VIOLATED) :        -1.469ns  (required time - arrival time)
  Source:                 a_reg_reg[0]/C
                            (rising edge-triggered cell FDCE clocked by sys_clk  {rise@0.000ns fall@2.500ns period=5.000ns})
  Destination:            result_reg[11]/D
                            (rising edge-triggered cell FDCE clocked by sys_clk  {rise@0.000ns fall@2.500ns period=5.000ns})
  Path Group:             sys_clk
  Path Type:              Setup (Max at Slow Process Corner)
  Requirement:            5.000ns  (sys_clk rise@5.000ns - sys_clk rise@0.000ns)
  Data Path Delay:        6.320ns  (logic 3.573ns (56.538%)  route 2.747ns (43.462%))
  Logic Levels:           12  (CARRY4=6 LUT2=1 LUT4=1 LUT5=1 LUT6=3)
  Clock Path Skew:        -0.173ns (DCD - SCD + CPR)
    Destination Clock Delay (DCD):    3.888ns = ( 8.888 - 5.000 ) 
    Source Clock Delay      (SCD):    4.373ns
    Clock Pessimism Removal (CPR):    0.312ns
  Clock Uncertainty:      0.035ns  ((TSJ^2 + TIJ^2)^1/2 + DJ) / 2 + PE
    Total System Jitter     (TSJ):    0.071ns
    Total Input Jitter      (TIJ):    0.000ns
    Discrete Jitter          (DJ):    0.000ns
    Phase Error              (PE):    0.000ns

    Location             Delay type                Incr(ns)  Path(ns)    Netlist Resource(s)
  -------------------------------------------------------------------    -------------------
                         (clock sys_clk rise edge)    0.000     0.000 r  
    U14                                               0.000     0.000 r  clk (IN)
                         net (fo=0)                   0.000     0.000    clk
    U14                  IBUF (Prop_ibuf_I_O)         1.007     1.007 r  clk_IBUF_inst/O
                         net (fo=1, routed)           1.873     2.880    clk_IBUF
    BUFGCTRL_X0Y16       BUFG (Prop_bufg_I_O)         0.085     2.965 r  clk_IBUF_BUFG_inst/O
                         net (fo=48, routed)          1.408     4.373    clk_IBUF_BUFG
    SLICE_X44Y49         FDCE                                         r  a_reg_reg[0]/C
  -------------------------------------------------------------------    -------------------
    SLICE_X44Y49         FDCE (Prop_fdce_C_Q)         0.379     4.752 r  a_reg_reg[0]/Q
                         net (fo=2, routed)           0.467     5.219    a_reg[0]
    SLICE_X47Y50         LUT2 (Prop_lut2_I0_O)        0.105     5.324 r  result[11]_i_30/O
                         net (fo=1, routed)           0.000     5.324    result[11]_i_30_n_0
    SLICE_X47Y50         CARRY4 (Prop_carry4_S[0]_CO[3])
                                                      0.440     5.764 r  result_reg[11]_i_17/CO[3]
                         net (fo=1, routed)           0.000     5.764    result_reg[11]_i_17_n_0
    SLICE_X47Y51         CARRY4 (Prop_carry4_CI_O[2])
                                                      0.200     5.964 r  result_reg[15]_i_18/O[2]
                         net (fo=21, routed)          0.591     6.555    result2[6]
    SLICE_X49Y51         LUT6 (Prop_lut6_I1_O)        0.253     6.808 r  result[7]_i_14/O
                         net (fo=2, routed)           0.453     7.261    result[7]_i_14_n_0
    SLICE_X45Y50         LUT6 (Prop_lut6_I0_O)        0.105     7.366 r  result[7]_i_18/O
                         net (fo=1, routed)           0.000     7.366    result[7]_i_18_n_0
    SLICE_X45Y50         CARRY4 (Prop_carry4_S[3]_CO[3])
                                                      0.332     7.698 r  result_reg[7]_i_8/CO[3]
                         net (fo=1, routed)           0.000     7.698    result_reg[7]_i_8_n_0
    SLICE_X45Y51         CARRY4 (Prop_carry4_CI_O[0])
                                                      0.180     7.878 r  result_reg[15]_i_23/O[0]
                         net (fo=6, routed)           0.396     8.274    result_reg[15]_i_23_n_7
    SLICE_X47Y49         LUT5 (Prop_lut5_I4_O)        0.249     8.523 r  result[11]_i_19_comp/O
                         net (fo=1, routed)           0.112     8.635    result[11]_i_19_n_0
    SLICE_X47Y49         LUT6 (Prop_lut6_I4_O)        0.105     8.740 r  result[11]_i_9_comp/O
                         net (fo=1, routed)           0.376     9.116    result[11]_i_9_n_0
    SLICE_X44Y51         CARRY4 (Prop_carry4_DI[1]_O[2])
                                                      0.442     9.558 r  result_reg[11]_i_2/O[2]
                         net (fo=2, routed)           0.351     9.909    result1[9]
    SLICE_X43Y51         LUT4 (Prop_lut4_I3_O)        0.253    10.162 r  result[11]_i_5/O
                         net (fo=1, routed)           0.000    10.162    result[11]_i_5_n_0
    SLICE_X43Y51         CARRY4 (Prop_carry4_S[1]_O[3])
                                                      0.530    10.692 r  result_reg[11]_i_1/O[3]
                         net (fo=1, routed)           0.000    10.692    result00_out[11]
    SLICE_X43Y51         FDCE                                         r  result_reg[11]/D
  -------------------------------------------------------------------    -------------------

                         (clock sys_clk rise edge)    5.000     5.000 r  
    U14                                               0.000     5.000 r  clk (IN)
                         net (fo=0)                   0.000     5.000    clk
    U14                  IBUF (Prop_ibuf_I_O)         0.875     5.875 r  clk_IBUF_inst/O
                         net (fo=1, routed)           1.701     7.576    clk_IBUF
    BUFGCTRL_X0Y16       BUFG (Prop_bufg_I_O)         0.077     7.653 r  clk_IBUF_BUFG_inst/O
                         net (fo=48, routed)          1.235     8.888    clk_IBUF_BUFG
    SLICE_X43Y51         FDCE                                         r  result_reg[11]/C
                         clock pessimism              0.312     9.200    
                         clock uncertainty           -0.035     9.164    
    SLICE_X43Y51         FDCE (Setup_fdce_C_D)        0.059     9.223    result_reg[11]
  -------------------------------------------------------------------
                         required time                          9.223    
                         arrival time                         -10.692    
  -------------------------------------------------------------------
                         slack                                 -1.469    

Slack (VIOLATED) :        -1.420ns  (required time - arrival time)
  Source:                 a_reg_reg[0]/C
                            (rising edge-triggered cell FDCE clocked by sys_clk  {rise@0.000ns fall@2.500ns period=5.000ns})
  Destination:            result_reg[10]/D
                            (rising edge-triggered cell FDCE clocked by sys_clk  {rise@0.000ns fall@2.500ns period=5.000ns})
  Path Group:             sys_clk
  Path Type:              Setup (Max at Slow Process Corner)
  Requirement:            5.000ns  (sys_clk rise@5.000ns - sys_clk rise@0.000ns)
  Data Path Delay:        6.271ns  (logic 3.524ns (56.199%)  route 2.747ns (43.801%))
  Logic Levels:           12  (CARRY4=6 LUT2=1 LUT4=1 LUT5=1 LUT6=3)
  Clock Path Skew:        -0.173ns (DCD - SCD + CPR)
    Destination Clock Delay (DCD):    3.888ns = ( 8.888 - 5.000 ) 
    Source Clock Delay      (SCD):    4.373ns
    Clock Pessimism Removal (CPR):    0.312ns
  Clock Uncertainty:      0.035ns  ((TSJ^2 + TIJ^2)^1/2 + DJ) / 2 + PE
    Total System Jitter     (TSJ):    0.071ns
    Total Input Jitter      (TIJ):    0.000ns
    Discrete Jitter          (DJ):    0.000ns
    Phase Error              (PE):    0.000ns

    Location             Delay type                Incr(ns)  Path(ns)    Netlist Resource(s)
  -------------------------------------------------------------------    -------------------
                         (clock sys_clk rise edge)    0.000     0.000 r  
    U14                                               0.000     0.000 r  clk (IN)
                         net (fo=0)                   0.000     0.000    clk
    U14                  IBUF (Prop_ibuf_I_O)         1.007     1.007 r  clk_IBUF_inst/O
                         net (fo=1, routed)           1.873     2.880    clk_IBUF
    BUFGCTRL_X0Y16       BUFG (Prop_bufg_I_O)         0.085     2.965 r  clk_IBUF_BUFG_inst/O
                         net (fo=48, routed)          1.408     4.373    clk_IBUF_BUFG
    SLICE_X44Y49         FDCE                                         r  a_reg_reg[0]/C
  -------------------------------------------------------------------    -------------------
    SLICE_X44Y49         FDCE (Prop_fdce_C_Q)         0.379     4.752 r  a_reg_reg[0]/Q
                         net (fo=2, routed)           0.467     5.219    a_reg[0]
    SLICE_X47Y50         LUT2 (Prop_lut2_I0_O)        0.105     5.324 r  result[11]_i_30/O
                         net (fo=1, routed)           0.000     5.324    result[11]_i_30_n_0
    SLICE_X47Y50         CARRY4 (Prop_carry4_S[0]_CO[3])
                                                      0.440     5.764 r  result_reg[11]_i_17/CO[3]
                         net (fo=1, routed)           0.000     5.764    result_reg[11]_i_17_n_0
    SLICE_X47Y51         CARRY4 (Prop_carry4_CI_O[2])
                                                      0.200     5.964 r  result_reg[15]_i_18/O[2]
                         net (fo=21, routed)          0.591     6.555    result2[6]
    SLICE_X49Y51         LUT6 (Prop_lut6_I1_O)        0.253     6.808 r  result[7]_i_14/O
                         net (fo=2, routed)           0.453     7.261    result[7]_i_14_n_0
    SLICE_X45Y50         LUT6 (Prop_lut6_I0_O)        0.105     7.366 r  result[7]_i_18/O
                         net (fo=1, routed)           0.000     7.366    result[7]_i_18_n_0
    SLICE_X45Y50         CARRY4 (Prop_carry4_S[3]_CO[3])
                                                      0.332     7.698 r  result_reg[7]_i_8/CO[3]
                         net (fo=1, routed)           0.000     7.698    result_reg[7]_i_8_n_0
    SLICE_X45Y51         CARRY4 (Prop_carry4_CI_O[0])
                                                      0.180     7.878 r  result_reg[15]_i_23/O[0]
                         net (fo=6, routed)           0.396     8.274    result_reg[15]_i_23_n_7
    SLICE_X47Y49         LUT5 (Prop_lut5_I4_O)        0.249     8.523 r  result[11]_i_19_comp/O
                         net (fo=1, routed)           0.112     8.635    result[11]_i_19_n_0
    SLICE_X47Y49         LUT6 (Prop_lut6_I4_O)        0.105     8.740 r  result[11]_i_9_comp/O
                         net (fo=1, routed)           0.376     9.116    result[11]_i_9_n_0
    SLICE_X44Y51         CARRY4 (Prop_carry4_DI[1]_O[2])
                                                      0.442     9.558 r  result_reg[11]_i_2/O[2]
                         net (fo=2, routed)           0.351     9.909    result1[9]
    SLICE_X43Y51         LUT4 (Prop_lut4_I3_O)        0.253    10.162 r  result[11]_i_5/O
                         net (fo=1, routed)           0.000    10.162    result[11]_i_5_n_0
    SLICE_X43Y51         CARRY4 (Prop_carry4_S[1]_O[2])
                                                      0.481    10.643 r  result_reg[11]_i_1/O[2]
                         net (fo=1, routed)           0.000    10.643    result00_out[10]
    SLICE_X43Y51         FDCE                                         r  result_reg[10]/D
  -------------------------------------------------------------------    -------------------

                         (clock sys_clk rise edge)    5.000     5.000 r  
    U14                                               0.000     5.000 r  clk (IN)
                         net (fo=0)                   0.000     5.000    clk
    U14                  IBUF (Prop_ibuf_I_O)         0.875     5.875 r  clk_IBUF_inst/O
                         net (fo=1, routed)           1.701     7.576    clk_IBUF
    BUFGCTRL_X0Y16       BUFG (Prop_bufg_I_O)         0.077     7.653 r  clk_IBUF_BUFG_inst/O
                         net (fo=48, routed)          1.235     8.888    clk_IBUF_BUFG
    SLICE_X43Y51         FDCE                                         r  result_reg[10]/C
                         clock pessimism              0.312     9.200    
                         clock uncertainty           -0.035     9.164    
    SLICE_X43Y51         FDCE (Setup_fdce_C_D)        0.059     9.223    result_reg[10]
  -------------------------------------------------------------------
                         required time                          9.223    
                         arrival time                         -10.643    
  -------------------------------------------------------------------
                         slack                                 -1.420    

Slack (VIOLATED) :        -1.126ns  (required time - arrival time)
  Source:                 a_reg_reg[0]/C
                            (rising edge-triggered cell FDCE clocked by sys_clk  {rise@0.000ns fall@2.500ns period=5.000ns})
  Destination:            result_reg[9]/D
                            (rising edge-triggered cell FDCE clocked by sys_clk  {rise@0.000ns fall@2.500ns period=5.000ns})
  Path Group:             sys_clk
  Path Type:              Setup (Max at Slow Process Corner)
  Requirement:            5.000ns  (sys_clk rise@5.000ns - sys_clk rise@0.000ns)
  Data Path Delay:        5.977ns  (logic 3.230ns (54.044%)  route 2.747ns (45.956%))
  Logic Levels:           12  (CARRY4=6 LUT2=1 LUT4=1 LUT5=1 LUT6=3)
  Clock Path Skew:        -0.173ns (DCD - SCD + CPR)
    Destination Clock Delay (DCD):    3.888ns = ( 8.888 - 5.000 ) 
    Source Clock Delay      (SCD):    4.373ns
    Clock Pessimism Removal (CPR):    0.312ns
  Clock Uncertainty:      0.035ns  ((TSJ^2 + TIJ^2)^1/2 + DJ) / 2 + PE
    Total System Jitter     (TSJ):    0.071ns
    Total Input Jitter      (TIJ):    0.000ns
    Discrete Jitter          (DJ):    0.000ns
    Phase Error              (PE):    0.000ns

    Location             Delay type                Incr(ns)  Path(ns)    Netlist Resource(s)
  -------------------------------------------------------------------    -------------------
                         (clock sys_clk rise edge)    0.000     0.000 r  
    U14                                               0.000     0.000 r  clk (IN)
                         net (fo=0)                   0.000     0.000    clk
    U14                  IBUF (Prop_ibuf_I_O)         1.007     1.007 r  clk_IBUF_inst/O
                         net (fo=1, routed)           1.873     2.880    clk_IBUF
    BUFGCTRL_X0Y16       BUFG (Prop_bufg_I_O)         0.085     2.965 r  clk_IBUF_BUFG_inst/O
                         net (fo=48, routed)          1.408     4.373    clk_IBUF_BUFG
    SLICE_X44Y49         FDCE                                         r  a_reg_reg[0]/C
  -------------------------------------------------------------------    -------------------
    SLICE_X44Y49         FDCE (Prop_fdce_C_Q)         0.379     4.752 r  a_reg_reg[0]/Q
                         net (fo=2, routed)           0.467     5.219    a_reg[0]
    SLICE_X47Y50         LUT2 (Prop_lut2_I0_O)        0.105     5.324 r  result[11]_i_30/O
                         net (fo=1, routed)           0.000     5.324    result[11]_i_30_n_0
    SLICE_X47Y50         CARRY4 (Prop_carry4_S[0]_CO[3])
                                                      0.440     5.764 r  result_reg[11]_i_17/CO[3]
                         net (fo=1, routed)           0.000     5.764    result_reg[11]_i_17_n_0
    SLICE_X47Y51         CARRY4 (Prop_carry4_CI_O[2])
                                                      0.200     5.964 r  result_reg[15]_i_18/O[2]
                         net (fo=21, routed)          0.591     6.555    result2[6]
    SLICE_X49Y51         LUT6 (Prop_lut6_I1_O)        0.253     6.808 r  result[7]_i_14/O
                         net (fo=2, routed)           0.453     7.261    result[7]_i_14_n_0
    SLICE_X45Y50         LUT6 (Prop_lut6_I0_O)        0.105     7.366 r  result[7]_i_18/O
                         net (fo=1, routed)           0.000     7.366    result[7]_i_18_n_0
    SLICE_X45Y50         CARRY4 (Prop_carry4_S[3]_CO[3])
                                                      0.332     7.698 r  result_reg[7]_i_8/CO[3]
                         net (fo=1, routed)           0.000     7.698    result_reg[7]_i_8_n_0
    SLICE_X45Y51         CARRY4 (Prop_carry4_CI_O[0])
                                                      0.180     7.878 r  result_reg[15]_i_23/O[0]
                         net (fo=6, routed)           0.396     8.274    result_reg[15]_i_23_n_7
    SLICE_X47Y49         LUT5 (Prop_lut5_I4_O)        0.249     8.523 r  result[11]_i_19_comp/O
                         net (fo=1, routed)           0.112     8.635    result[11]_i_19_n_0
    SLICE_X47Y49         LUT6 (Prop_lut6_I4_O)        0.105     8.740 r  result[11]_i_9_comp/O
                         net (fo=1, routed)           0.376     9.116    result[11]_i_9_n_0
    SLICE_X44Y51         CARRY4 (Prop_carry4_DI[1]_O[2])
                                                      0.442     9.558 r  result_reg[11]_i_2/O[2]
                         net (fo=2, routed)           0.351     9.909    result1[9]
    SLICE_X43Y51         LUT4 (Prop_lut4_I3_O)        0.253    10.162 r  result[11]_i_5/O
                         net (fo=1, routed)           0.000    10.162    result[11]_i_5_n_0
    SLICE_X43Y51         CARRY4 (Prop_carry4_S[1]_O[1])
                                                      0.187    10.349 r  result_reg[11]_i_1/O[1]
                         net (fo=1, routed)           0.000    10.349    result00_out[9]
    SLICE_X43Y51         FDCE                                         r  result_reg[9]/D
  -------------------------------------------------------------------    -------------------

                         (clock sys_clk rise edge)    5.000     5.000 r  
    U14                                               0.000     5.000 r  clk (IN)
                         net (fo=0)                   0.000     5.000    clk
    U14                  IBUF (Prop_ibuf_I_O)         0.875     5.875 r  clk_IBUF_inst/O
                         net (fo=1, routed)           1.701     7.576    clk_IBUF
    BUFGCTRL_X0Y16       BUFG (Prop_bufg_I_O)         0.077     7.653 r  clk_IBUF_BUFG_inst/O
                         net (fo=48, routed)          1.235     8.888    clk_IBUF_BUFG
    SLICE_X43Y51         FDCE                                         r  result_reg[9]/C
                         clock pessimism              0.312     9.200    
                         clock uncertainty           -0.035     9.164    
    SLICE_X43Y51         FDCE (Setup_fdce_C_D)        0.059     9.223    result_reg[9]
  -------------------------------------------------------------------
                         required time                          9.223    
                         arrival time                         -10.349    
  -------------------------------------------------------------------
                         slack                                 -1.126    

Slack (VIOLATED) :        -0.948ns  (required time - arrival time)
  Source:                 a_reg_reg[0]/C
                            (rising edge-triggered cell FDCE clocked by sys_clk  {rise@0.000ns fall@2.500ns period=5.000ns})
  Destination:            result_reg[8]/D
                            (rising edge-triggered cell FDCE clocked by sys_clk  {rise@0.000ns fall@2.500ns period=5.000ns})
  Path Group:             sys_clk
  Path Type:              Setup (Max at Slow Process Corner)
  Requirement:            5.000ns  (sys_clk rise@5.000ns - sys_clk rise@0.000ns)
  Data Path Delay:        5.799ns  (logic 3.319ns (57.233%)  route 2.480ns (42.767%))
  Logic Levels:           12  (CARRY4=6 LUT2=1 LUT4=2 LUT5=1 LUT6=2)
  Clock Path Skew:        -0.173ns (DCD - SCD + CPR)
    Destination Clock Delay (DCD):    3.888ns = ( 8.888 - 5.000 ) 
    Source Clock Delay      (SCD):    4.373ns
    Clock Pessimism Removal (CPR):    0.312ns
  Clock Uncertainty:      0.035ns  ((TSJ^2 + TIJ^2)^1/2 + DJ) / 2 + PE
    Total System Jitter     (TSJ):    0.071ns
    Total Input Jitter      (TIJ):    0.000ns
    Discrete Jitter          (DJ):    0.000ns
    Phase Error              (PE):    0.000ns

    Location             Delay type                Incr(ns)  Path(ns)    Netlist Resource(s)
  -------------------------------------------------------------------    -------------------
                         (clock sys_clk rise edge)    0.000     0.000 r  
    U14                                               0.000     0.000 r  clk (IN)
                         net (fo=0)                   0.000     0.000    clk
    U14                  IBUF (Prop_ibuf_I_O)         1.007     1.007 r  clk_IBUF_inst/O
                         net (fo=1, routed)           1.873     2.880    clk_IBUF
    BUFGCTRL_X0Y16       BUFG (Prop_bufg_I_O)         0.085     2.965 r  clk_IBUF_BUFG_inst/O
                         net (fo=48, routed)          1.408     4.373    clk_IBUF_BUFG
    SLICE_X44Y49         FDCE                                         r  a_reg_reg[0]/C
  -------------------------------------------------------------------    -------------------
    SLICE_X44Y49         FDCE (Prop_fdce_C_Q)         0.379     4.752 r  a_reg_reg[0]/Q
                         net (fo=2, routed)           0.467     5.219    a_reg[0]
    SLICE_X47Y50         LUT2 (Prop_lut2_I0_O)        0.105     5.324 r  result[11]_i_30/O
                         net (fo=1, routed)           0.000     5.324    result[11]_i_30_n_0
    SLICE_X47Y50         CARRY4 (Prop_carry4_S[0]_CO[3])
                                                      0.440     5.764 r  result_reg[11]_i_17/CO[3]
                         net (fo=1, routed)           0.000     5.764    result_reg[11]_i_17_n_0
    SLICE_X47Y51         CARRY4 (Prop_carry4_CI_O[0])
                                                      0.180     5.944 r  result_reg[15]_i_18/O[0]
                         net (fo=19, routed)          0.594     6.538    result2[4]
    SLICE_X42Y50         LUT6 (Prop_lut6_I1_O)        0.249     6.787 r  result[7]_i_16/O
                         net (fo=2, routed)           0.251     7.038    result[7]_i_16_n_0
    SLICE_X45Y50         LUT6 (Prop_lut6_I0_O)        0.105     7.143 r  result[7]_i_20/O
                         net (fo=1, routed)           0.000     7.143    result[7]_i_20_n_0
    SLICE_X45Y50         CARRY4 (Prop_carry4_S[1]_O[3])
                                                      0.530     7.673 r  result_reg[7]_i_8/O[3]
                         net (fo=2, routed)           0.396     8.069    result_reg[7]_i_8_n_4
    SLICE_X42Y50         LUT4 (Prop_lut4_I3_O)        0.257     8.326 r  result[11]_i_10/O
                         net (fo=2, routed)           0.357     8.683    result[11]_i_10_n_0
    SLICE_X44Y51         LUT5 (Prop_lut5_I0_O)        0.105     8.788 r  result[11]_i_14/O
                         net (fo=1, routed)           0.000     8.788    result[11]_i_14_n_0
    SLICE_X44Y51         CARRY4 (Prop_carry4_S[0]_O[0])
                                                      0.207     8.995 r  result_reg[11]_i_2/O[0]
                         net (fo=2, routed)           0.415     9.410    result1[7]
    SLICE_X43Y50         LUT4 (Prop_lut4_I0_O)        0.249     9.659 r  result[7]_i_3/O
                         net (fo=1, routed)           0.000     9.659    result[7]_i_3_n_0
    SLICE_X43Y50         CARRY4 (Prop_carry4_S[3]_CO[3])
                                                      0.332     9.991 r  result_reg[7]_i_1/CO[3]
                         net (fo=1, routed)           0.000     9.991    result_reg[7]_i_1_n_0
    SLICE_X43Y51         CARRY4 (Prop_carry4_CI_O[0])
                                                      0.181    10.172 r  result_reg[11]_i_1/O[0]
                         net (fo=1, routed)           0.000    10.172    result00_out[8]
    SLICE_X43Y51         FDCE                                         r  result_reg[8]/D
  -------------------------------------------------------------------    -------------------

                         (clock sys_clk rise edge)    5.000     5.000 r  
    U14                                               0.000     5.000 r  clk (IN)
                         net (fo=0)                   0.000     5.000    clk
    U14                  IBUF (Prop_ibuf_I_O)         0.875     5.875 r  clk_IBUF_inst/O
                         net (fo=1, routed)           1.701     7.576    clk_IBUF
    BUFGCTRL_X0Y16       BUFG (Prop_bufg_I_O)         0.077     7.653 r  clk_IBUF_BUFG_inst/O
                         net (fo=48, routed)          1.235     8.888    clk_IBUF_BUFG
    SLICE_X43Y51         FDCE                                         r  result_reg[8]/C
                         clock pessimism              0.312     9.200    
                         clock uncertainty           -0.035     9.164    
    SLICE_X43Y51         FDCE (Setup_fdce_C_D)        0.059     9.223    result_reg[8]
  -------------------------------------------------------------------
                         required time                          9.223    
                         arrival time                         -10.172    
  -------------------------------------------------------------------
                         slack                                 -0.948    

Slack (VIOLATED) :        -0.641ns  (required time - arrival time)
  Source:                 a_reg_reg[0]/C
                            (rising edge-triggered cell FDCE clocked by sys_clk  {rise@0.000ns fall@2.500ns period=5.000ns})
  Destination:            result_reg[7]/D
                            (rising edge-triggered cell FDCE clocked by sys_clk  {rise@0.000ns fall@2.500ns period=5.000ns})
  Path Group:             sys_clk
  Path Type:              Setup (Max at Slow Process Corner)
  Requirement:            5.000ns  (sys_clk rise@5.000ns - sys_clk rise@0.000ns)
  Data Path Delay:        5.492ns  (logic 3.012ns (54.842%)  route 2.480ns (45.158%))
  Logic Levels:           11  (CARRY4=5 LUT2=1 LUT4=2 LUT5=1 LUT6=2)
  Clock Path Skew:        -0.173ns (DCD - SCD + CPR)
    Destination Clock Delay (DCD):    3.888ns = ( 8.888 - 5.000 ) 
    Source Clock Delay      (SCD):    4.373ns
    Clock Pessimism Removal (CPR):    0.312ns
  Clock Uncertainty:      0.035ns  ((TSJ^2 + TIJ^2)^1/2 + DJ) / 2 + PE
    Total System Jitter     (TSJ):    0.071ns
    Total Input Jitter      (TIJ):    0.000ns
    Discrete Jitter          (DJ):    0.000ns
    Phase Error              (PE):    0.000ns

    Location             Delay type                Incr(ns)  Path(ns)    Netlist Resource(s)
  -------------------------------------------------------------------    -------------------
                         (clock sys_clk rise edge)    0.000     0.000 r  
    U14                                               0.000     0.000 r  clk (IN)
                         net (fo=0)                   0.000     0.000    clk
    U14                  IBUF (Prop_ibuf_I_O)         1.007     1.007 r  clk_IBUF_inst/O
                         net (fo=1, routed)           1.873     2.880    clk_IBUF
    BUFGCTRL_X0Y16       BUFG (Prop_bufg_I_O)         0.085     2.965 r  clk_IBUF_BUFG_inst/O
                         net (fo=48, routed)          1.408     4.373    clk_IBUF_BUFG
    SLICE_X44Y49         FDCE                                         r  a_reg_reg[0]/C
  -------------------------------------------------------------------    -------------------
    SLICE_X44Y49         FDCE (Prop_fdce_C_Q)         0.379     4.752 r  a_reg_reg[0]/Q
                         net (fo=2, routed)           0.467     5.219    a_reg[0]
    SLICE_X47Y50         LUT2 (Prop_lut2_I0_O)        0.105     5.324 r  result[11]_i_30/O
                         net (fo=1, routed)           0.000     5.324    result[11]_i_30_n_0
    SLICE_X47Y50         CARRY4 (Prop_carry4_S[0]_CO[3])
                                                      0.440     5.764 r  result_reg[11]_i_17/CO[3]
                         net (fo=1, routed)           0.000     5.764    result_reg[11]_i_17_n_0
    SLICE_X47Y51         CARRY4 (Prop_carry4_CI_O[0])
                                                      0.180     5.944 r  result_reg[15]_i_18/O[0]
                         net (fo=19, routed)          0.594     6.538    result2[4]
    SLICE_X42Y50         LUT6 (Prop_lut6_I1_O)        0.249     6.787 r  result[7]_i_16/O
                         net (fo=2, routed)           0.251     7.038    result[7]_i_16_n_0
    SLICE_X45Y50         LUT6 (Prop_lut6_I0_O)        0.105     7.143 r  result[7]_i_20/O
                         net (fo=1, routed)           0.000     7.143    result[7]_i_20_n_0
    SLICE_X45Y50         CARRY4 (Prop_carry4_S[1]_O[3])
                                                      0.530     7.673 r  result_reg[7]_i_8/O[3]
                         net (fo=2, routed)           0.396     8.069    result_reg[7]_i_8_n_4
    SLICE_X42Y50         LUT4 (Prop_lut4_I3_O)        0.257     8.326 r  result[11]_i_10/O
                         net (fo=2, routed)           0.357     8.683    result[11]_i_10_n_0
    SLICE_X44Y51         LUT5 (Prop_lut5_I0_O)        0.105     8.788 r  result[11]_i_14/O
                         net (fo=1, routed)           0.000     8.788    result[11]_i_14_n_0
    SLICE_X44Y51         CARRY4 (Prop_carry4_S[0]_O[0])
                                                      0.207     8.995 r  result_reg[11]_i_2/O[0]
                         net (fo=2, routed)           0.415     9.410    result1[7]
    SLICE_X43Y50         LUT4 (Prop_lut4_I0_O)        0.249     9.659 r  result[7]_i_3/O
                         net (fo=1, routed)           0.000     9.659    result[7]_i_3_n_0
    SLICE_X43Y50         CARRY4 (Prop_carry4_S[3]_O[3])
                                                      0.206     9.865 r  result_reg[7]_i_1/O[3]
                         net (fo=1, routed)           0.000     9.865    result00_out[7]
    SLICE_X43Y50         FDCE                                         r  result_reg[7]/D
  -------------------------------------------------------------------    -------------------

                         (clock sys_clk rise edge)    5.000     5.000 r  
    U14                                               0.000     5.000 r  clk (IN)
                         net (fo=0)                   0.000     5.000    clk
    U14                  IBUF (Prop_ibuf_I_O)         0.875     5.875 r  clk_IBUF_inst/O
                         net (fo=1, routed)           1.701     7.576    clk_IBUF
    BUFGCTRL_X0Y16       BUFG (Prop_bufg_I_O)         0.077     7.653 r  clk_IBUF_BUFG_inst/O
                         net (fo=48, routed)          1.235     8.888    clk_IBUF_BUFG
    SLICE_X43Y50         FDCE                                         r  result_reg[7]/C
                         clock pessimism              0.312     9.200    
                         clock uncertainty           -0.035     9.164    
    SLICE_X43Y50         FDCE (Setup_fdce_C_D)        0.059     9.223    result_reg[7]
  -------------------------------------------------------------------
                         required time                          9.223    
                         arrival time                          -9.865    
  -------------------------------------------------------------------
                         slack                                 -0.641    

Slack (VIOLATED) :        -0.455ns  (required time - arrival time)
  Source:                 a_reg_reg[0]/C
                            (rising edge-triggered cell FDCE clocked by sys_clk  {rise@0.000ns fall@2.500ns period=5.000ns})
  Destination:            result_reg[6]/D
                            (rising edge-triggered cell FDCE clocked by sys_clk  {rise@0.000ns fall@2.500ns period=5.000ns})
  Path Group:             sys_clk
  Path Type:              Setup (Max at Slow Process Corner)
  Requirement:            5.000ns  (sys_clk rise@5.000ns - sys_clk rise@0.000ns)
  Data Path Delay:        5.306ns  (logic 3.325ns (62.667%)  route 1.981ns (37.333%))
  Logic Levels:           10  (CARRY4=5 LUT2=3 LUT3=1 LUT6=1)
  Clock Path Skew:        -0.173ns (DCD - SCD + CPR)
    Destination Clock Delay (DCD):    3.888ns = ( 8.888 - 5.000 ) 
    Source Clock Delay      (SCD):    4.373ns
    Clock Pessimism Removal (CPR):    0.312ns
  Clock Uncertainty:      0.035ns  ((TSJ^2 + TIJ^2)^1/2 + DJ) / 2 + PE
    Total System Jitter     (TSJ):    0.071ns
    Total Input Jitter      (TIJ):    0.000ns
    Discrete Jitter          (DJ):    0.000ns
    Phase Error              (PE):    0.000ns

    Location             Delay type                Incr(ns)  Path(ns)    Netlist Resource(s)
  -------------------------------------------------------------------    -------------------
                         (clock sys_clk rise edge)    0.000     0.000 r  
    U14                                               0.000     0.000 r  clk (IN)
                         net (fo=0)                   0.000     0.000    clk
    U14                  IBUF (Prop_ibuf_I_O)         1.007     1.007 r  clk_IBUF_inst/O
                         net (fo=1, routed)           1.873     2.880    clk_IBUF
    BUFGCTRL_X0Y16       BUFG (Prop_bufg_I_O)         0.085     2.965 r  clk_IBUF_BUFG_inst/O
                         net (fo=48, routed)          1.408     4.373    clk_IBUF_BUFG
    SLICE_X44Y49         FDCE                                         r  a_reg_reg[0]/C
  -------------------------------------------------------------------    -------------------
    SLICE_X44Y49         FDCE (Prop_fdce_C_Q)         0.379     4.752 r  a_reg_reg[0]/Q
                         net (fo=2, routed)           0.467     5.219    a_reg[0]
    SLICE_X47Y50         LUT2 (Prop_lut2_I0_O)        0.105     5.324 r  result[11]_i_30/O
                         net (fo=1, routed)           0.000     5.324    result[11]_i_30_n_0
    SLICE_X47Y50         CARRY4 (Prop_carry4_S[0]_O[3])
                                                      0.503     5.827 f  result_reg[11]_i_17/O[3]
                         net (fo=21, routed)          0.348     6.174    result2[3]
    SLICE_X44Y49         LUT2 (Prop_lut2_I0_O)        0.257     6.431 r  result[3]_i_14/O
                         net (fo=1, routed)           0.313     6.744    result[3]_i_14_n_0
    SLICE_X45Y49         LUT6 (Prop_lut6_I1_O)        0.105     6.849 r  result[3]_i_10/O
                         net (fo=1, routed)           0.000     6.849    result[3]_i_10_n_0
    SLICE_X45Y49         CARRY4 (Prop_carry4_S[3]_CO[3])
                                                      0.332     7.181 r  result_reg[3]_i_2/CO[3]
                         net (fo=1, routed)           0.001     7.182    result_reg[3]_i_2_n_0
    SLICE_X45Y50         CARRY4 (Prop_carry4_CI_O[0])
                                                      0.180     7.362 r  result_reg[7]_i_8/O[0]
                         net (fo=2, routed)           0.501     7.863    result_reg[7]_i_8_n_7
    SLICE_X44Y50         LUT2 (Prop_lut2_I0_O)        0.249     8.112 r  result[7]_i_11/O
                         net (fo=1, routed)           0.000     8.112    result[7]_i_11_n_0
    SLICE_X44Y50         CARRY4 (Prop_carry4_S[1]_O[2])
                                                      0.481     8.593 r  result_reg[7]_i_2/O[2]
                         net (fo=2, routed)           0.351     8.944    result1[5]
    SLICE_X43Y50         LUT3 (Prop_lut3_I0_O)        0.253     9.197 r  result[7]_i_5/O
                         net (fo=1, routed)           0.000     9.197    result[7]_i_5_n_0
    SLICE_X43Y50         CARRY4 (Prop_carry4_S[1]_O[2])
                                                      0.481     9.678 r  result_reg[7]_i_1/O[2]
                         net (fo=1, routed)           0.000     9.678    result00_out[6]
    SLICE_X43Y50         FDCE                                         r  result_reg[6]/D
  -------------------------------------------------------------------    -------------------

                         (clock sys_clk rise edge)    5.000     5.000 r  
    U14                                               0.000     5.000 r  clk (IN)
                         net (fo=0)                   0.000     5.000    clk
    U14                  IBUF (Prop_ibuf_I_O)         0.875     5.875 r  clk_IBUF_inst/O
                         net (fo=1, routed)           1.701     7.576    clk_IBUF
    BUFGCTRL_X0Y16       BUFG (Prop_bufg_I_O)         0.077     7.653 r  clk_IBUF_BUFG_inst/O
                         net (fo=48, routed)          1.235     8.888    clk_IBUF_BUFG
    SLICE_X43Y50         FDCE                                         r  result_reg[6]/C
                         clock pessimism              0.312     9.200    
                         clock uncertainty           -0.035     9.164    
    SLICE_X43Y50         FDCE (Setup_fdce_C_D)        0.059     9.223    result_reg[6]
  -------------------------------------------------------------------
                         required time                          9.223    
                         arrival time                          -9.678    
  -------------------------------------------------------------------
                         slack                                 -0.455    





Min Delay Paths
--------------------------------------------------------------------------------------
Slack (MET) :             0.190ns  (arrival time - required time)
  Source:                 d_reg_reg[2]/C
                            (rising edge-triggered cell FDCE clocked by sys_clk  {rise@0.000ns fall@2.500ns period=5.000ns})
  Destination:            result_reg[3]/D
                            (rising edge-triggered cell FDCE clocked by sys_clk  {rise@0.000ns fall@2.500ns period=5.000ns})
  Path Group:             sys_clk
  Path Type:              Hold (Min at Fast Process Corner)
  Requirement:            0.000ns  (sys_clk rise@0.000ns - sys_clk rise@0.000ns)
  Data Path Delay:        0.570ns  (logic 0.249ns (43.714%)  route 0.321ns (56.286%))
  Logic Levels:           2  (CARRY4=1 LUT5=1)
  Clock Path Skew:        0.274ns (DCD - SCD - CPR)
    Destination Clock Delay (DCD):    2.082ns
    Source Clock Delay      (SCD):    1.558ns
    Clock Pessimism Removal (CPR):    0.250ns

    Location             Delay type                Incr(ns)  Path(ns)    Netlist Resource(s)
  -------------------------------------------------------------------    -------------------
                         (clock sys_clk rise edge)    0.000     0.000 r  
    U14                                               0.000     0.000 r  clk (IN)
                         net (fo=0)                   0.000     0.000    clk
    U14                  IBUF (Prop_ibuf_I_O)         0.302     0.302 r  clk_IBUF_inst/O
                         net (fo=1, routed)           0.674     0.976    clk_IBUF
    BUFGCTRL_X0Y16       BUFG (Prop_bufg_I_O)         0.026     1.002 r  clk_IBUF_BUFG_inst/O
                         net (fo=48, routed)          0.556     1.558    clk_IBUF_BUFG
    SLICE_X49Y50         FDCE                                         r  d_reg_reg[2]/C
  -------------------------------------------------------------------    -------------------
    SLICE_X49Y50         FDCE (Prop_fdce_C_Q)         0.141     1.699 r  d_reg_reg[2]/Q
                         net (fo=5, routed)           0.321     2.020    d_reg[2]
    SLICE_X43Y49         LUT5 (Prop_lut5_I4_O)        0.045     2.065 r  result[3]_i_3/O
                         net (fo=1, routed)           0.000     2.065    result[3]_i_3_n_0
    SLICE_X43Y49         CARRY4 (Prop_carry4_S[3]_O[3])
                                                      0.063     2.128 r  result_reg[3]_i_1/O[3]
                         net (fo=1, routed)           0.000     2.128    result00_out[3]
    SLICE_X43Y49         FDCE                                         r  result_reg[3]/D
  -------------------------------------------------------------------    -------------------

                         (clock sys_clk rise edge)    0.000     0.000 r  
    U14                                               0.000     0.000 r  clk (IN)
                         net (fo=0)                   0.000     0.000    clk
    U14                  IBUF (Prop_ibuf_I_O)         0.492     0.492 r  clk_IBUF_inst/O
                         net (fo=1, routed)           0.731     1.223    clk_IBUF
    BUFGCTRL_X0Y16       BUFG (Prop_bufg_I_O)         0.029     1.252 r  clk_IBUF_BUFG_inst/O
                         net (fo=48, routed)          0.830     2.082    clk_IBUF_BUFG
    SLICE_X43Y49         FDCE                                         r  result_reg[3]/C
                         clock pessimism             -0.250     1.832    
    SLICE_X43Y49         FDCE (Hold_fdce_C_D)         0.105     1.937    result_reg[3]
  -------------------------------------------------------------------
                         required time                         -1.937    
                         arrival time                           2.128    
  -------------------------------------------------------------------
                         slack                                  0.190    

Slack (MET) :             0.194ns  (arrival time - required time)
  Source:                 d_reg_reg[2]/C
                            (rising edge-triggered cell FDCE clocked by sys_clk  {rise@0.000ns fall@2.500ns period=5.000ns})
  Destination:            result_reg[2]/D
                            (rising edge-triggered cell FDCE clocked by sys_clk  {rise@0.000ns fall@2.500ns period=5.000ns})
  Path Group:             sys_clk
  Path Type:              Hold (Min at Fast Process Corner)
  Requirement:            0.000ns  (sys_clk rise@0.000ns - sys_clk rise@0.000ns)
  Data Path Delay:        0.574ns  (logic 0.252ns (43.932%)  route 0.322ns (56.068%))
  Logic Levels:           2  (CARRY4=1 LUT4=1)
  Clock Path Skew:        0.274ns (DCD - SCD - CPR)
    Destination Clock Delay (DCD):    2.082ns
    Source Clock Delay      (SCD):    1.558ns
    Clock Pessimism Removal (CPR):    0.250ns

    Location             Delay type                Incr(ns)  Path(ns)    Netlist Resource(s)
  -------------------------------------------------------------------    -------------------
                         (clock sys_clk rise edge)    0.000     0.000 r  
    U14                                               0.000     0.000 r  clk (IN)
                         net (fo=0)                   0.000     0.000    clk
    U14                  IBUF (Prop_ibuf_I_O)         0.302     0.302 r  clk_IBUF_inst/O
                         net (fo=1, routed)           0.674     0.976    clk_IBUF
    BUFGCTRL_X0Y16       BUFG (Prop_bufg_I_O)         0.026     1.002 r  clk_IBUF_BUFG_inst/O
                         net (fo=48, routed)          0.556     1.558    clk_IBUF_BUFG
    SLICE_X49Y50         FDCE                                         r  d_reg_reg[2]/C
  -------------------------------------------------------------------    -------------------
    SLICE_X49Y50         FDCE (Prop_fdce_C_Q)         0.141     1.699 r  d_reg_reg[2]/Q
                         net (fo=5, routed)           0.322     2.021    d_reg[2]
    SLICE_X43Y49         LUT4 (Prop_lut4_I1_O)        0.045     2.066 r  result[3]_i_4/O
                         net (fo=1, routed)           0.000     2.066    result[3]_i_4_n_0
    SLICE_X43Y49         CARRY4 (Prop_carry4_S[2]_O[2])
                                                      0.066     2.132 r  result_reg[3]_i_1/O[2]
                         net (fo=1, routed)           0.000     2.132    result00_out[2]
    SLICE_X43Y49         FDCE                                         r  result_reg[2]/D
  -------------------------------------------------------------------    -------------------

                         (clock sys_clk rise edge)    0.000     0.000 r  
    U14                                               0.000     0.000 r  clk (IN)
                         net (fo=0)                   0.000     0.000    clk
    U14                  IBUF (Prop_ibuf_I_O)         0.492     0.492 r  clk_IBUF_inst/O
                         net (fo=1, routed)           0.731     1.223    clk_IBUF
    BUFGCTRL_X0Y16       BUFG (Prop_bufg_I_O)         0.029     1.252 r  clk_IBUF_BUFG_inst/O
                         net (fo=48, routed)          0.830     2.082    clk_IBUF_BUFG
    SLICE_X43Y49         FDCE                                         r  result_reg[2]/C
                         clock pessimism             -0.250     1.832    
    SLICE_X43Y49         FDCE (Hold_fdce_C_D)         0.105     1.937    result_reg[2]
  -------------------------------------------------------------------
                         required time                         -1.937    
                         arrival time                           2.132    
  -------------------------------------------------------------------
                         slack                                  0.194    

Slack (MET) :             0.288ns  (arrival time - required time)
  Source:                 d_reg_reg[1]/C
                            (rising edge-triggered cell FDCE clocked by sys_clk  {rise@0.000ns fall@2.500ns period=5.000ns})
  Destination:            result_reg[1]/D
                            (rising edge-triggered cell FDCE clocked by sys_clk  {rise@0.000ns fall@2.500ns period=5.000ns})
  Path Group:             sys_clk
  Path Type:              Hold (Min at Fast Process Corner)
  Requirement:            0.000ns  (sys_clk rise@0.000ns - sys_clk rise@0.000ns)
  Data Path Delay:        0.667ns  (logic 0.251ns (37.614%)  route 0.416ns (62.386%))
  Logic Levels:           2  (CARRY4=1 LUT3=1)
  Clock Path Skew:        0.274ns (DCD - SCD - CPR)
    Destination Clock Delay (DCD):    2.082ns
    Source Clock Delay      (SCD):    1.558ns
    Clock Pessimism Removal (CPR):    0.250ns

    Location             Delay type                Incr(ns)  Path(ns)    Netlist Resource(s)
  -------------------------------------------------------------------    -------------------
                         (clock sys_clk rise edge)    0.000     0.000 r  
    U14                                               0.000     0.000 r  clk (IN)
                         net (fo=0)                   0.000     0.000    clk
    U14                  IBUF (Prop_ibuf_I_O)         0.302     0.302 r  clk_IBUF_inst/O
                         net (fo=1, routed)           0.674     0.976    clk_IBUF
    BUFGCTRL_X0Y16       BUFG (Prop_bufg_I_O)         0.026     1.002 r  clk_IBUF_BUFG_inst/O
                         net (fo=48, routed)          0.556     1.558    clk_IBUF_BUFG
    SLICE_X49Y50         FDCE                                         r  d_reg_reg[1]/C
  -------------------------------------------------------------------    -------------------
    SLICE_X49Y50         FDCE (Prop_fdce_C_Q)         0.141     1.699 r  d_reg_reg[1]/Q
                         net (fo=6, routed)           0.416     2.115    d_reg[1]
    SLICE_X43Y49         LUT3 (Prop_lut3_I2_O)        0.045     2.160 r  result[3]_i_5/O
                         net (fo=1, routed)           0.000     2.160    result[3]_i_5_n_0
    SLICE_X43Y49         CARRY4 (Prop_carry4_S[1]_O[1])
                                                      0.065     2.225 r  result_reg[3]_i_1/O[1]
                         net (fo=1, routed)           0.000     2.225    result00_out[1]
    SLICE_X43Y49         FDCE                                         r  result_reg[1]/D
  -------------------------------------------------------------------    -------------------

                         (clock sys_clk rise edge)    0.000     0.000 r  
    U14                                               0.000     0.000 r  clk (IN)
                         net (fo=0)                   0.000     0.000    clk
    U14                  IBUF (Prop_ibuf_I_O)         0.492     0.492 r  clk_IBUF_inst/O
                         net (fo=1, routed)           0.731     1.223    clk_IBUF
    BUFGCTRL_X0Y16       BUFG (Prop_bufg_I_O)         0.029     1.252 r  clk_IBUF_BUFG_inst/O
                         net (fo=48, routed)          0.830     2.082    clk_IBUF_BUFG
    SLICE_X43Y49         FDCE                                         r  result_reg[1]/C
                         clock pessimism             -0.250     1.832    
    SLICE_X43Y49         FDCE (Hold_fdce_C_D)         0.105     1.937    result_reg[1]
  -------------------------------------------------------------------
                         required time                         -1.937    
                         arrival time                           2.225    
  -------------------------------------------------------------------
                         slack                                  0.288    

Slack (MET) :             0.322ns  (arrival time - required time)
  Source:                 d_reg_reg[5]/C
                            (rising edge-triggered cell FDCE clocked by sys_clk  {rise@0.000ns fall@2.500ns period=5.000ns})
  Destination:            result_reg[5]/D
                            (rising edge-triggered cell FDCE clocked by sys_clk  {rise@0.000ns fall@2.500ns period=5.000ns})
  Path Group:             sys_clk
  Path Type:              Hold (Min at Fast Process Corner)
  Requirement:            0.000ns  (sys_clk rise@0.000ns - sys_clk rise@0.000ns)
  Data Path Delay:        0.463ns  (logic 0.251ns (54.176%)  route 0.212ns (45.824%))
  Logic Levels:           2  (CARRY4=1 LUT3=1)
  Clock Path Skew:        0.036ns (DCD - SCD - CPR)
    Destination Clock Delay (DCD):    2.077ns
    Source Clock Delay      (SCD):    1.557ns
    Clock Pessimism Removal (CPR):    0.484ns

    Location             Delay type                Incr(ns)  Path(ns)    Netlist Resource(s)
  -------------------------------------------------------------------    -------------------
                         (clock sys_clk rise edge)    0.000     0.000 r  
    U14                                               0.000     0.000 r  clk (IN)
                         net (fo=0)                   0.000     0.000    clk
    U14                  IBUF (Prop_ibuf_I_O)         0.302     0.302 r  clk_IBUF_inst/O
                         net (fo=1, routed)           0.674     0.976    clk_IBUF
    BUFGCTRL_X0Y16       BUFG (Prop_bufg_I_O)         0.026     1.002 r  clk_IBUF_BUFG_inst/O
                         net (fo=48, routed)          0.555     1.557    clk_IBUF_BUFG
    SLICE_X48Y53         FDCE                                         r  d_reg_reg[5]/C
  -------------------------------------------------------------------    -------------------
    SLICE_X48Y53         FDCE (Prop_fdce_C_Q)         0.141     1.698 r  d_reg_reg[5]/Q
                         net (fo=2, routed)           0.212     1.910    d_reg[5]
    SLICE_X43Y50         LUT3 (Prop_lut3_I1_O)        0.045     1.955 r  result[7]_i_5/O
                         net (fo=1, routed)           0.000     1.955    result[7]_i_5_n_0
    SLICE_X43Y50         CARRY4 (Prop_carry4_S[1]_O[1])
                                                      0.065     2.020 r  result_reg[7]_i_1/O[1]
                         net (fo=1, routed)           0.000     2.020    result00_out[5]
    SLICE_X43Y50         FDCE                                         r  result_reg[5]/D
  -------------------------------------------------------------------    -------------------

                         (clock sys_clk rise edge)    0.000     0.000 r  
    U14                                               0.000     0.000 r  clk (IN)
                         net (fo=0)                   0.000     0.000    clk
    U14                  IBUF (Prop_ibuf_I_O)         0.492     0.492 r  clk_IBUF_inst/O
                         net (fo=1, routed)           0.731     1.223    clk_IBUF
    BUFGCTRL_X0Y16       BUFG (Prop_bufg_I_O)         0.029     1.252 r  clk_IBUF_BUFG_inst/O
                         net (fo=48, routed)          0.825     2.077    clk_IBUF_BUFG
    SLICE_X43Y50         FDCE                                         r  result_reg[5]/C
                         clock pessimism             -0.484     1.593    
    SLICE_X43Y50         FDCE (Hold_fdce_C_D)         0.105     1.698    result_reg[5]
  -------------------------------------------------------------------
                         required time                         -1.698    
                         arrival time                           2.020    
  -------------------------------------------------------------------
                         slack                                  0.322    

Slack (MET) :             0.357ns  (arrival time - required time)
  Source:                 d_reg_reg[0]/C
                            (rising edge-triggered cell FDCE clocked by sys_clk  {rise@0.000ns fall@2.500ns period=5.000ns})
  Destination:            result_reg[0]/D
                            (rising edge-triggered cell FDCE clocked by sys_clk  {rise@0.000ns fall@2.500ns period=5.000ns})
  Path Group:             sys_clk
  Path Type:              Hold (Min at Fast Process Corner)
  Requirement:            0.000ns  (sys_clk rise@0.000ns - sys_clk rise@0.000ns)
  Data Path Delay:        0.736ns  (logic 0.256ns (34.776%)  route 0.480ns (65.224%))
  Logic Levels:           2  (CARRY4=1 LUT2=1)
  Clock Path Skew:        0.274ns (DCD - SCD - CPR)
    Destination Clock Delay (DCD):    2.082ns
    Source Clock Delay      (SCD):    1.558ns
    Clock Pessimism Removal (CPR):    0.250ns

    Location             Delay type                Incr(ns)  Path(ns)    Netlist Resource(s)
  -------------------------------------------------------------------    -------------------
                         (clock sys_clk rise edge)    0.000     0.000 r  
    U14                                               0.000     0.000 r  clk (IN)
                         net (fo=0)                   0.000     0.000    clk
    U14                  IBUF (Prop_ibuf_I_O)         0.302     0.302 r  clk_IBUF_inst/O
                         net (fo=1, routed)           0.674     0.976    clk_IBUF
    BUFGCTRL_X0Y16       BUFG (Prop_bufg_I_O)         0.026     1.002 r  clk_IBUF_BUFG_inst/O
                         net (fo=48, routed)          0.556     1.558    clk_IBUF_BUFG
    SLICE_X49Y50         FDCE                                         r  d_reg_reg[0]/C
  -------------------------------------------------------------------    -------------------
    SLICE_X49Y50         FDCE (Prop_fdce_C_Q)         0.141     1.699 r  d_reg_reg[0]/Q
                         net (fo=7, routed)           0.480     2.179    d_reg[0]
    SLICE_X43Y49         LUT2 (Prop_lut2_I1_O)        0.045     2.224 r  result[3]_i_6/O
                         net (fo=1, routed)           0.000     2.224    result[3]_i_6_n_0
    SLICE_X43Y49         CARRY4 (Prop_carry4_S[0]_O[0])
                                                      0.070     2.294 r  result_reg[3]_i_1/O[0]
                         net (fo=1, routed)           0.000     2.294    result00_out[0]
    SLICE_X43Y49         FDCE                                         r  result_reg[0]/D
  -------------------------------------------------------------------    -------------------

                         (clock sys_clk rise edge)    0.000     0.000 r  
    U14                                               0.000     0.000 r  clk (IN)
                         net (fo=0)                   0.000     0.000    clk
    U14                  IBUF (Prop_ibuf_I_O)         0.492     0.492 r  clk_IBUF_inst/O
                         net (fo=1, routed)           0.731     1.223    clk_IBUF
    BUFGCTRL_X0Y16       BUFG (Prop_bufg_I_O)         0.029     1.252 r  clk_IBUF_BUFG_inst/O
                         net (fo=48, routed)          0.830     2.082    clk_IBUF_BUFG
    SLICE_X43Y49         FDCE                                         r  result_reg[0]/C
                         clock pessimism             -0.250     1.832    
    SLICE_X43Y49         FDCE (Hold_fdce_C_D)         0.105     1.937    result_reg[0]
  -------------------------------------------------------------------
                         required time                         -1.937    
                         arrival time                           2.294    
  -------------------------------------------------------------------
                         slack                                  0.357    

Slack (MET) :             0.361ns  (arrival time - required time)
  Source:                 d_reg_reg[6]/C
                            (rising edge-triggered cell FDCE clocked by sys_clk  {rise@0.000ns fall@2.500ns period=5.000ns})
  Destination:            result_reg[12]/D
                            (rising edge-triggered cell FDCE clocked by sys_clk  {rise@0.000ns fall@2.500ns period=5.000ns})
  Path Group:             sys_clk
  Path Type:              Hold (Min at Fast Process Corner)
  Requirement:            0.000ns  (sys_clk rise@0.000ns - sys_clk rise@0.000ns)
  Data Path Delay:        0.483ns  (logic 0.256ns (52.949%)  route 0.227ns (47.051%))
  Logic Levels:           2  (CARRY4=1 LUT4=1)
  Clock Path Skew:        0.017ns (DCD - SCD - CPR)
    Destination Clock Delay (DCD):    2.077ns
    Source Clock Delay      (SCD):    1.558ns
    Clock Pessimism Removal (CPR):    0.502ns

    Location             Delay type                Incr(ns)  Path(ns)    Netlist Resource(s)
  -------------------------------------------------------------------    -------------------
                         (clock sys_clk rise edge)    0.000     0.000 r  
    U14                                               0.000     0.000 r  clk (IN)
                         net (fo=0)                   0.000     0.000    clk
    U14                  IBUF (Prop_ibuf_I_O)         0.302     0.302 r  clk_IBUF_inst/O
                         net (fo=1, routed)           0.674     0.976    clk_IBUF
    BUFGCTRL_X0Y16       BUFG (Prop_bufg_I_O)         0.026     1.002 r  clk_IBUF_BUFG_inst/O
                         net (fo=48, routed)          0.556     1.558    clk_IBUF_BUFG
    SLICE_X43Y54         FDCE                                         r  d_reg_reg[6]/C
  -------------------------------------------------------------------    -------------------
    SLICE_X43Y54         FDCE (Prop_fdce_C_Q)         0.141     1.699 r  d_reg_reg[6]/Q
                         net (fo=10, routed)          0.227     1.927    d_reg[6]
    SLICE_X43Y52         LUT4 (Prop_lut4_I1_O)        0.045     1.972 r  result[15]_i_6/O
                         net (fo=1, routed)           0.000     1.972    result[15]_i_6_n_0
    SLICE_X43Y52         CARRY4 (Prop_carry4_S[0]_O[0])
                                                      0.070     2.042 r  result_reg[15]_i_1/O[0]
                         net (fo=1, routed)           0.000     2.042    result00_out[12]
    SLICE_X43Y52         FDCE                                         r  result_reg[12]/D
  -------------------------------------------------------------------    -------------------

                         (clock sys_clk rise edge)    0.000     0.000 r  
    U14                                               0.000     0.000 r  clk (IN)
                         net (fo=0)                   0.000     0.000    clk
    U14                  IBUF (Prop_ibuf_I_O)         0.492     0.492 r  clk_IBUF_inst/O
                         net (fo=1, routed)           0.731     1.223    clk_IBUF
    BUFGCTRL_X0Y16       BUFG (Prop_bufg_I_O)         0.029     1.252 r  clk_IBUF_BUFG_inst/O
                         net (fo=48, routed)          0.825     2.077    clk_IBUF_BUFG
    SLICE_X43Y52         FDCE                                         r  result_reg[12]/C
                         clock pessimism             -0.502     1.575    
    SLICE_X43Y52         FDCE (Hold_fdce_C_D)         0.105     1.680    result_reg[12]
  -------------------------------------------------------------------
                         required time                         -1.680    
                         arrival time                           2.042    
  -------------------------------------------------------------------
                         slack                                  0.361    

Slack (MET) :             0.368ns  (arrival time - required time)
  Source:                 d_reg_reg[7]/C
                            (rising edge-triggered cell FDCE clocked by sys_clk  {rise@0.000ns fall@2.500ns period=5.000ns})
  Destination:            result_reg[15]/D
                            (rising edge-triggered cell FDCE clocked by sys_clk  {rise@0.000ns fall@2.500ns period=5.000ns})
  Path Group:             sys_clk
  Path Type:              Hold (Min at Fast Process Corner)
  Requirement:            0.000ns  (sys_clk rise@0.000ns - sys_clk rise@0.000ns)
  Data Path Delay:        0.490ns  (logic 0.249ns (50.785%)  route 0.241ns (49.215%))
  Logic Levels:           2  (CARRY4=1 LUT4=1)
  Clock Path Skew:        0.017ns (DCD - SCD - CPR)
    Destination Clock Delay (DCD):    2.077ns
    Source Clock Delay      (SCD):    1.558ns
    Clock Pessimism Removal (CPR):    0.502ns

    Location             Delay type                Incr(ns)  Path(ns)    Netlist Resource(s)
  -------------------------------------------------------------------    -------------------
                         (clock sys_clk rise edge)    0.000     0.000 r  
    U14                                               0.000     0.000 r  clk (IN)
                         net (fo=0)                   0.000     0.000    clk
    U14                  IBUF (Prop_ibuf_I_O)         0.302     0.302 r  clk_IBUF_inst/O
                         net (fo=1, routed)           0.674     0.976    clk_IBUF
    BUFGCTRL_X0Y16       BUFG (Prop_bufg_I_O)         0.026     1.002 r  clk_IBUF_BUFG_inst/O
                         net (fo=48, routed)          0.556     1.558    clk_IBUF_BUFG
    SLICE_X43Y54         FDCE                                         r  d_reg_reg[7]/C
  -------------------------------------------------------------------    -------------------
    SLICE_X43Y54         FDCE (Prop_fdce_C_Q)         0.141     1.699 r  d_reg_reg[7]/Q
                         net (fo=9, routed)           0.241     1.940    d_reg[7]
    SLICE_X43Y52         LUT4 (Prop_lut4_I0_O)        0.045     1.985 r  result[15]_i_3/O
                         net (fo=1, routed)           0.000     1.985    result[15]_i_3_n_0
    SLICE_X43Y52         CARRY4 (Prop_carry4_S[3]_O[3])
                                                      0.063     2.048 r  result_reg[15]_i_1/O[3]
                         net (fo=1, routed)           0.000     2.048    result00_out[15]
    SLICE_X43Y52         FDCE                                         r  result_reg[15]/D
  -------------------------------------------------------------------    -------------------

                         (clock sys_clk rise edge)    0.000     0.000 r  
    U14                                               0.000     0.000 r  clk (IN)
                         net (fo=0)                   0.000     0.000    clk
    U14                  IBUF (Prop_ibuf_I_O)         0.492     0.492 r  clk_IBUF_inst/O
                         net (fo=1, routed)           0.731     1.223    clk_IBUF
    BUFGCTRL_X0Y16       BUFG (Prop_bufg_I_O)         0.029     1.252 r  clk_IBUF_BUFG_inst/O
                         net (fo=48, routed)          0.825     2.077    clk_IBUF_BUFG
    SLICE_X43Y52         FDCE                                         r  result_reg[15]/C
                         clock pessimism             -0.502     1.575    
    SLICE_X43Y52         FDCE (Hold_fdce_C_D)         0.105     1.680    result_reg[15]
  -------------------------------------------------------------------
                         required time                         -1.680    
                         arrival time                           2.048    
  -------------------------------------------------------------------
                         slack                                  0.368    

Slack (MET) :             0.397ns  (arrival time - required time)
  Source:                 d_reg_reg[6]/C
                            (rising edge-triggered cell FDCE clocked by sys_clk  {rise@0.000ns fall@2.500ns period=5.000ns})
  Destination:            result_reg[13]/D
                            (rising edge-triggered cell FDCE clocked by sys_clk  {rise@0.000ns fall@2.500ns period=5.000ns})
  Path Group:             sys_clk
  Path Type:              Hold (Min at Fast Process Corner)
  Requirement:            0.000ns  (sys_clk rise@0.000ns - sys_clk rise@0.000ns)
  Data Path Delay:        0.519ns  (logic 0.292ns (56.209%)  route 0.227ns (43.791%))
  Logic Levels:           2  (CARRY4=1 LUT4=1)
  Clock Path Skew:        0.017ns (DCD - SCD - CPR)
    Destination Clock Delay (DCD):    2.077ns
    Source Clock Delay      (SCD):    1.558ns
    Clock Pessimism Removal (CPR):    0.502ns

    Location             Delay type                Incr(ns)  Path(ns)    Netlist Resource(s)
  -------------------------------------------------------------------    -------------------
                         (clock sys_clk rise edge)    0.000     0.000 r  
    U14                                               0.000     0.000 r  clk (IN)
                         net (fo=0)                   0.000     0.000    clk
    U14                  IBUF (Prop_ibuf_I_O)         0.302     0.302 r  clk_IBUF_inst/O
                         net (fo=1, routed)           0.674     0.976    clk_IBUF
    BUFGCTRL_X0Y16       BUFG (Prop_bufg_I_O)         0.026     1.002 r  clk_IBUF_BUFG_inst/O
                         net (fo=48, routed)          0.556     1.558    clk_IBUF_BUFG
    SLICE_X43Y54         FDCE                                         r  d_reg_reg[6]/C
  -------------------------------------------------------------------    -------------------
    SLICE_X43Y54         FDCE (Prop_fdce_C_Q)         0.141     1.699 r  d_reg_reg[6]/Q
                         net (fo=10, routed)          0.227     1.927    d_reg[6]
    SLICE_X43Y52         LUT4 (Prop_lut4_I1_O)        0.045     1.972 r  result[15]_i_6/O
                         net (fo=1, routed)           0.000     1.972    result[15]_i_6_n_0
    SLICE_X43Y52         CARRY4 (Prop_carry4_S[0]_O[1])
                                                      0.106     2.078 r  result_reg[15]_i_1/O[1]
                         net (fo=1, routed)           0.000     2.078    result00_out[13]
    SLICE_X43Y52         FDCE                                         r  result_reg[13]/D
  -------------------------------------------------------------------    -------------------

                         (clock sys_clk rise edge)    0.000     0.000 r  
    U14                                               0.000     0.000 r  clk (IN)
                         net (fo=0)                   0.000     0.000    clk
    U14                  IBUF (Prop_ibuf_I_O)         0.492     0.492 r  clk_IBUF_inst/O
                         net (fo=1, routed)           0.731     1.223    clk_IBUF
    BUFGCTRL_X0Y16       BUFG (Prop_bufg_I_O)         0.029     1.252 r  clk_IBUF_BUFG_inst/O
                         net (fo=48, routed)          0.825     2.077    clk_IBUF_BUFG
    SLICE_X43Y52         FDCE                                         r  result_reg[13]/C
                         clock pessimism             -0.502     1.575    
    SLICE_X43Y52         FDCE (Hold_fdce_C_D)         0.105     1.680    result_reg[13]
  -------------------------------------------------------------------
                         required time                         -1.680    
                         arrival time                           2.078    
  -------------------------------------------------------------------
                         slack                                  0.397    

Slack (MET) :             0.400ns  (arrival time - required time)
  Source:                 d_reg_reg[6]/C
                            (rising edge-triggered cell FDCE clocked by sys_clk  {rise@0.000ns fall@2.500ns period=5.000ns})
  Destination:            result_reg[11]/D
                            (rising edge-triggered cell FDCE clocked by sys_clk  {rise@0.000ns fall@2.500ns period=5.000ns})
  Path Group:             sys_clk
  Path Type:              Hold (Min at Fast Process Corner)
  Requirement:            0.000ns  (sys_clk rise@0.000ns - sys_clk rise@0.000ns)
  Data Path Delay:        0.522ns  (logic 0.249ns (47.740%)  route 0.273ns (52.260%))
  Logic Levels:           2  (CARRY4=1 LUT4=1)
  Clock Path Skew:        0.017ns (DCD - SCD - CPR)
    Destination Clock Delay (DCD):    2.077ns
    Source Clock Delay      (SCD):    1.558ns
    Clock Pessimism Removal (CPR):    0.502ns

    Location             Delay type                Incr(ns)  Path(ns)    Netlist Resource(s)
  -------------------------------------------------------------------    -------------------
                         (clock sys_clk rise edge)    0.000     0.000 r  
    U14                                               0.000     0.000 r  clk (IN)
                         net (fo=0)                   0.000     0.000    clk
    U14                  IBUF (Prop_ibuf_I_O)         0.302     0.302 r  clk_IBUF_inst/O
                         net (fo=1, routed)           0.674     0.976    clk_IBUF
    BUFGCTRL_X0Y16       BUFG (Prop_bufg_I_O)         0.026     1.002 r  clk_IBUF_BUFG_inst/O
                         net (fo=48, routed)          0.556     1.558    clk_IBUF_BUFG
    SLICE_X43Y54         FDCE                                         r  d_reg_reg[6]/C
  -------------------------------------------------------------------    -------------------
    SLICE_X43Y54         FDCE (Prop_fdce_C_Q)         0.141     1.699 r  d_reg_reg[6]/Q
                         net (fo=10, routed)          0.273     1.972    d_reg[6]
    SLICE_X43Y51         LUT4 (Prop_lut4_I1_O)        0.045     2.017 r  result[11]_i_3/O
                         net (fo=1, routed)           0.000     2.017    result[11]_i_3_n_0
    SLICE_X43Y51         CARRY4 (Prop_carry4_S[3]_O[3])
                                                      0.063     2.080 r  result_reg[11]_i_1/O[3]
                         net (fo=1, routed)           0.000     2.080    result00_out[11]
    SLICE_X43Y51         FDCE                                         r  result_reg[11]/D
  -------------------------------------------------------------------    -------------------

                         (clock sys_clk rise edge)    0.000     0.000 r  
    U14                                               0.000     0.000 r  clk (IN)
                         net (fo=0)                   0.000     0.000    clk
    U14                  IBUF (Prop_ibuf_I_O)         0.492     0.492 r  clk_IBUF_inst/O
                         net (fo=1, routed)           0.731     1.223    clk_IBUF
    BUFGCTRL_X0Y16       BUFG (Prop_bufg_I_O)         0.029     1.252 r  clk_IBUF_BUFG_inst/O
                         net (fo=48, routed)          0.825     2.077    clk_IBUF_BUFG
    SLICE_X43Y51         FDCE                                         r  result_reg[11]/C
                         clock pessimism             -0.502     1.575    
    SLICE_X43Y51         FDCE (Hold_fdce_C_D)         0.105     1.680    result_reg[11]
  -------------------------------------------------------------------
                         required time                         -1.680    
                         arrival time                           2.080    
  -------------------------------------------------------------------
                         slack                                  0.400    

Slack (MET) :             0.401ns  (arrival time - required time)
  Source:                 d_reg_reg[0]/C
                            (rising edge-triggered cell FDCE clocked by sys_clk  {rise@0.000ns fall@2.500ns period=5.000ns})
  Destination:            result_reg[4]/D
                            (rising edge-triggered cell FDCE clocked by sys_clk  {rise@0.000ns fall@2.500ns period=5.000ns})
  Path Group:             sys_clk
  Path Type:              Hold (Min at Fast Process Corner)
  Requirement:            0.000ns  (sys_clk rise@0.000ns - sys_clk rise@0.000ns)
  Data Path Delay:        0.541ns  (logic 0.256ns (47.310%)  route 0.285ns (52.690%))
  Logic Levels:           2  (CARRY4=1 LUT6=1)
  Clock Path Skew:        0.035ns (DCD - SCD - CPR)
    Destination Clock Delay (DCD):    2.077ns
    Source Clock Delay      (SCD):    1.558ns
    Clock Pessimism Removal (CPR):    0.484ns

    Location             Delay type                Incr(ns)  Path(ns)    Netlist Resource(s)
  -------------------------------------------------------------------    -------------------
                         (clock sys_clk rise edge)    0.000     0.000 r  
    U14                                               0.000     0.000 r  clk (IN)
                         net (fo=0)                   0.000     0.000    clk
    U14                  IBUF (Prop_ibuf_I_O)         0.302     0.302 r  clk_IBUF_inst/O
                         net (fo=1, routed)           0.674     0.976    clk_IBUF
    BUFGCTRL_X0Y16       BUFG (Prop_bufg_I_O)         0.026     1.002 r  clk_IBUF_BUFG_inst/O
                         net (fo=48, routed)          0.556     1.558    clk_IBUF_BUFG
    SLICE_X49Y50         FDCE                                         r  d_reg_reg[0]/C
  -------------------------------------------------------------------    -------------------
    SLICE_X49Y50         FDCE (Prop_fdce_C_Q)         0.141     1.699 r  d_reg_reg[0]/Q
                         net (fo=7, routed)           0.285     1.984    d_reg[0]
    SLICE_X43Y50         LUT6 (Prop_lut6_I4_O)        0.045     2.029 r  result[7]_i_6/O
                         net (fo=1, routed)           0.000     2.029    result[7]_i_6_n_0
    SLICE_X43Y50         CARRY4 (Prop_carry4_S[0]_O[0])
                                                      0.070     2.099 r  result_reg[7]_i_1/O[0]
                         net (fo=1, routed)           0.000     2.099    result00_out[4]
    SLICE_X43Y50         FDCE                                         r  result_reg[4]/D
  -------------------------------------------------------------------    -------------------

                         (clock sys_clk rise edge)    0.000     0.000 r  
    U14                                               0.000     0.000 r  clk (IN)
                         net (fo=0)                   0.000     0.000    clk
    U14                  IBUF (Prop_ibuf_I_O)         0.492     0.492 r  clk_IBUF_inst/O
                         net (fo=1, routed)           0.731     1.223    clk_IBUF
    BUFGCTRL_X0Y16       BUFG (Prop_bufg_I_O)         0.029     1.252 r  clk_IBUF_BUFG_inst/O
                         net (fo=48, routed)          0.825     2.077    clk_IBUF_BUFG
    SLICE_X43Y50         FDCE                                         r  result_reg[4]/C
                         clock pessimism             -0.484     1.593    
    SLICE_X43Y50         FDCE (Hold_fdce_C_D)         0.105     1.698    result_reg[4]
  -------------------------------------------------------------------
                         required time                         -1.698    
                         arrival time                           2.099    
  -------------------------------------------------------------------
                         slack                                  0.401    





Pulse Width Checks
--------------------------------------------------------------------------------------
Clock Name:         sys_clk
Waveform(ns):       { 0.000 2.500 }
Period(ns):         5.000
Sources:            { clk }

Check Type        Corner  Lib Pin  Reference Pin  Required(ns)  Actual(ns)  Slack(ns)  Location        Pin
Min Period        n/a     BUFG/I   n/a            1.592         5.000       3.408      BUFGCTRL_X0Y16  clk_IBUF_BUFG_inst/I
Min Period        n/a     FDCE/C   n/a            1.000         5.000       4.000      SLICE_X44Y49    a_reg_reg[0]/C
Min Period        n/a     FDCE/C   n/a            1.000         5.000       4.000      SLICE_X47Y51    a_reg_reg[1]/C
Min Period        n/a     FDCE/C   n/a            1.000         5.000       4.000      SLICE_X47Y50    a_reg_reg[2]/C
Min Period        n/a     FDCE/C   n/a            1.000         5.000       4.000      SLICE_X47Y51    a_reg_reg[3]/C
Min Period        n/a     FDCE/C   n/a            1.000         5.000       4.000      SLICE_X47Y52    a_reg_reg[4]/C
Min Period        n/a     FDCE/C   n/a            1.000         5.000       4.000      SLICE_X47Y50    a_reg_reg[5]/C
Min Period        n/a     FDCE/C   n/a            1.000         5.000       4.000      SLICE_X46Y51    a_reg_reg[6]/C
Min Period        n/a     FDCE/C   n/a            1.000         5.000       4.000      SLICE_X47Y50    a_reg_reg[7]/C
Min Period        n/a     FDCE/C   n/a            1.000         5.000       4.000      SLICE_X47Y51    b_reg_reg[0]/C
Low Pulse Width   Slow    FDCE/C   n/a            0.500         2.500       2.000      SLICE_X44Y49    a_reg_reg[0]/C
Low Pulse Width   Fast    FDCE/C   n/a            0.500         2.500       2.000      SLICE_X44Y49    a_reg_reg[0]/C
Low Pulse Width   Slow    FDCE/C   n/a            0.500         2.500       2.000      SLICE_X47Y51    a_reg_reg[1]/C
Low Pulse Width   Fast    FDCE/C   n/a            0.500         2.500       2.000      SLICE_X47Y51    a_reg_reg[1]/C
Low Pulse Width   Slow    FDCE/C   n/a            0.500         2.500       2.000      SLICE_X47Y50    a_reg_reg[2]/C
Low Pulse Width   Fast    FDCE/C   n/a            0.500         2.500       2.000      SLICE_X47Y50    a_reg_reg[2]/C
Low Pulse Width   Slow    FDCE/C   n/a            0.500         2.500       2.000      SLICE_X47Y51    a_reg_reg[3]/C
Low Pulse Width   Fast    FDCE/C   n/a            0.500         2.500       2.000      SLICE_X47Y51    a_reg_reg[3]/C
Low Pulse Width   Slow    FDCE/C   n/a            0.500         2.500       2.000      SLICE_X47Y52    a_reg_reg[4]/C
Low Pulse Width   Fast    FDCE/C   n/a            0.500         2.500       2.000      SLICE_X47Y52    a_reg_reg[4]/C
High Pulse Width  Slow    FDCE/C   n/a            0.500         2.500       2.000      SLICE_X44Y49    a_reg_reg[0]/C
High Pulse Width  Fast    FDCE/C   n/a            0.500         2.500       2.000      SLICE_X44Y49    a_reg_reg[0]/C
High Pulse Width  Slow    FDCE/C   n/a            0.500         2.500       2.000      SLICE_X47Y51    a_reg_reg[1]/C
High Pulse Width  Fast    FDCE/C   n/a            0.500         2.500       2.000      SLICE_X47Y51    a_reg_reg[1]/C
High Pulse Width  Slow    FDCE/C   n/a            0.500         2.500       2.000      SLICE_X47Y50    a_reg_reg[2]/C
High Pulse Width  Fast    FDCE/C   n/a            0.500         2.500       2.000      SLICE_X47Y50    a_reg_reg[2]/C
High Pulse Width  Slow    FDCE/C   n/a            0.500         2.500       2.000      SLICE_X47Y51    a_reg_reg[3]/C
High Pulse Width  Fast    FDCE/C   n/a            0.500         2.500       2.000      SLICE_X47Y51    a_reg_reg[3]/C
High Pulse Width  Slow    FDCE/C   n/a            0.500         2.500       2.000      SLICE_X47Y52    a_reg_reg[4]/C
High Pulse Width  Fast    FDCE/C   n/a            0.500         2.500       2.000      SLICE_X47Y52    a_reg_reg[4]/C



--------------------------------------------------------------------------------------
Path Group:  (none)
From Clock:  sys_clk
  To Clock:  

Max Delay            16 Endpoints
Min Delay            16 Endpoints
--------------------------------------------------------------------------------------


Max Delay Paths
--------------------------------------------------------------------------------------
Slack:                    inf
  Source:                 result_reg[0]/C
                            (rising edge-triggered cell FDCE clocked by sys_clk  {rise@0.000ns fall@2.500ns period=5.000ns})
  Destination:            result[0]
                            (output port)
  Path Group:             (none)
  Path Type:              Max at Slow Process Corner
  Data Path Delay:        6.251ns  (logic 2.803ns (44.841%)  route 3.448ns (55.159%))
  Logic Levels:           1  (OBUF=1)
  Clock Uncertainty:      0.025ns  ((TSJ^2 + TIJ^2)^1/2 + DJ) / 2 + PE
    Total System Jitter     (TSJ):    0.050ns
    Total Input Jitter      (TIJ):    0.000ns
    Discrete Jitter          (DJ):    0.000ns
    Phase Error              (PE):    0.000ns

    Location             Delay type                Incr(ns)  Path(ns)    Netlist Resource(s)
  -------------------------------------------------------------------    -------------------
                         (clock sys_clk rise edge)    0.000     0.000 r  
    U14                                               0.000     0.000 r  clk (IN)
                         net (fo=0)                   0.000     0.000    clk
    U14                  IBUF (Prop_ibuf_I_O)         1.007     1.007 r  clk_IBUF_inst/O
                         net (fo=1, routed)           1.873     2.880    clk_IBUF
    BUFGCTRL_X0Y16       BUFG (Prop_bufg_I_O)         0.085     2.965 r  clk_IBUF_BUFG_inst/O
                         net (fo=48, routed)          1.408     4.373    clk_IBUF_BUFG
    SLICE_X43Y49         FDCE                                         r  result_reg[0]/C
  -------------------------------------------------------------------    -------------------
    SLICE_X43Y49         FDCE (Prop_fdce_C_Q)         0.379     4.752 r  result_reg[0]/Q
                         net (fo=1, routed)           3.448     8.200    result_OBUF[0]
    W11                  OBUF (Prop_obuf_I_O)         2.424    10.624 r  result_OBUF[0]_inst/O
                         net (fo=0)                   0.000    10.624    result[0]
    W11                                                               r  result[0] (OUT)
  -------------------------------------------------------------------    -------------------

Slack:                    inf
  Source:                 result_reg[2]/C
                            (rising edge-triggered cell FDCE clocked by sys_clk  {rise@0.000ns fall@2.500ns period=5.000ns})
  Destination:            result[2]
                            (output port)
  Path Group:             (none)
  Path Type:              Max at Slow Process Corner
  Data Path Delay:        6.250ns  (logic 2.813ns (45.009%)  route 3.437ns (54.991%))
  Logic Levels:           1  (OBUF=1)
  Clock Uncertainty:      0.025ns  ((TSJ^2 + TIJ^2)^1/2 + DJ) / 2 + PE
    Total System Jitter     (TSJ):    0.050ns
    Total Input Jitter      (TIJ):    0.000ns
    Discrete Jitter          (DJ):    0.000ns
    Phase Error              (PE):    0.000ns

    Location             Delay type                Incr(ns)  Path(ns)    Netlist Resource(s)
  -------------------------------------------------------------------    -------------------
                         (clock sys_clk rise edge)    0.000     0.000 r  
    U14                                               0.000     0.000 r  clk (IN)
                         net (fo=0)                   0.000     0.000    clk
    U14                  IBUF (Prop_ibuf_I_O)         1.007     1.007 r  clk_IBUF_inst/O
                         net (fo=1, routed)           1.873     2.880    clk_IBUF
    BUFGCTRL_X0Y16       BUFG (Prop_bufg_I_O)         0.085     2.965 r  clk_IBUF_BUFG_inst/O
                         net (fo=48, routed)          1.408     4.373    clk_IBUF_BUFG
    SLICE_X43Y49         FDCE                                         r  result_reg[2]/C
  -------------------------------------------------------------------    -------------------
    SLICE_X43Y49         FDCE (Prop_fdce_C_Q)         0.379     4.752 r  result_reg[2]/Q
                         net (fo=1, routed)           3.437     8.189    result_OBUF[2]
    U9                   OBUF (Prop_obuf_I_O)         2.434    10.623 r  result_OBUF[2]_inst/O
                         net (fo=0)                   0.000    10.623    result[2]
    U9                                                                r  result[2] (OUT)
  -------------------------------------------------------------------    -------------------

Slack:                    inf
  Source:                 result_reg[1]/C
                            (rising edge-triggered cell FDCE clocked by sys_clk  {rise@0.000ns fall@2.500ns period=5.000ns})
  Destination:            result[1]
                            (output port)
  Path Group:             (none)
  Path Type:              Max at Slow Process Corner
  Data Path Delay:        6.245ns  (logic 2.792ns (44.712%)  route 3.453ns (55.288%))
  Logic Levels:           1  (OBUF=1)
  Clock Uncertainty:      0.025ns  ((TSJ^2 + TIJ^2)^1/2 + DJ) / 2 + PE
    Total System Jitter     (TSJ):    0.050ns
    Total Input Jitter      (TIJ):    0.000ns
    Discrete Jitter          (DJ):    0.000ns
    Phase Error              (PE):    0.000ns

    Location             Delay type                Incr(ns)  Path(ns)    Netlist Resource(s)
  -------------------------------------------------------------------    -------------------
                         (clock sys_clk rise edge)    0.000     0.000 r  
    U14                                               0.000     0.000 r  clk (IN)
                         net (fo=0)                   0.000     0.000    clk
    U14                  IBUF (Prop_ibuf_I_O)         1.007     1.007 r  clk_IBUF_inst/O
                         net (fo=1, routed)           1.873     2.880    clk_IBUF
    BUFGCTRL_X0Y16       BUFG (Prop_bufg_I_O)         0.085     2.965 r  clk_IBUF_BUFG_inst/O
                         net (fo=48, routed)          1.408     4.373    clk_IBUF_BUFG
    SLICE_X43Y49         FDCE                                         r  result_reg[1]/C
  -------------------------------------------------------------------    -------------------
    SLICE_X43Y49         FDCE (Prop_fdce_C_Q)         0.379     4.752 r  result_reg[1]/Q
                         net (fo=1, routed)           3.453     8.204    result_OBUF[1]
    U8                   OBUF (Prop_obuf_I_O)         2.413    10.617 r  result_OBUF[1]_inst/O
                         net (fo=0)                   0.000    10.617    result[1]
    U8                                                                r  result[1] (OUT)
  -------------------------------------------------------------------    -------------------

Slack:                    inf
  Source:                 result_reg[4]/C
                            (rising edge-triggered cell FDCE clocked by sys_clk  {rise@0.000ns fall@2.500ns period=5.000ns})
  Destination:            result[4]
                            (output port)
  Path Group:             (none)
  Path Type:              Max at Slow Process Corner
  Data Path Delay:        6.247ns  (logic 2.807ns (44.935%)  route 3.440ns (55.065%))
  Logic Levels:           1  (OBUF=1)
  Clock Uncertainty:      0.025ns  ((TSJ^2 + TIJ^2)^1/2 + DJ) / 2 + PE
    Total System Jitter     (TSJ):    0.050ns
    Total Input Jitter      (TIJ):    0.000ns
    Discrete Jitter          (DJ):    0.000ns
    Phase Error              (PE):    0.000ns

    Location             Delay type                Incr(ns)  Path(ns)    Netlist Resource(s)
  -------------------------------------------------------------------    -------------------
                         (clock sys_clk rise edge)    0.000     0.000 r  
    U14                                               0.000     0.000 r  clk (IN)
                         net (fo=0)                   0.000     0.000    clk
    U14                  IBUF (Prop_ibuf_I_O)         1.007     1.007 r  clk_IBUF_inst/O
                         net (fo=1, routed)           1.873     2.880    clk_IBUF
    BUFGCTRL_X0Y16       BUFG (Prop_bufg_I_O)         0.085     2.965 r  clk_IBUF_BUFG_inst/O
                         net (fo=48, routed)          1.390     4.355    clk_IBUF_BUFG
    SLICE_X43Y50         FDCE                                         r  result_reg[4]/C
  -------------------------------------------------------------------    -------------------
    SLICE_X43Y50         FDCE (Prop_fdce_C_Q)         0.379     4.734 r  result_reg[4]/Q
                         net (fo=1, routed)           3.440     8.173    result_OBUF[4]
    W10                  OBUF (Prop_obuf_I_O)         2.428    10.602 r  result_OBUF[4]_inst/O
                         net (fo=0)                   0.000    10.602    result[4]
    W10                                                               r  result[4] (OUT)
  -------------------------------------------------------------------    -------------------

Slack:                    inf
  Source:                 result_reg[10]/C
                            (rising edge-triggered cell FDCE clocked by sys_clk  {rise@0.000ns fall@2.500ns period=5.000ns})
  Destination:            result[10]
                            (output port)
  Path Group:             (none)
  Path Type:              Max at Slow Process Corner
  Data Path Delay:        6.185ns  (logic 2.786ns (45.049%)  route 3.399ns (54.951%))
  Logic Levels:           1  (OBUF=1)
  Clock Uncertainty:      0.025ns  ((TSJ^2 + TIJ^2)^1/2 + DJ) / 2 + PE
    Total System Jitter     (TSJ):    0.050ns
    Total Input Jitter      (TIJ):    0.000ns
    Discrete Jitter          (DJ):    0.000ns
    Phase Error              (PE):    0.000ns

    Location             Delay type                Incr(ns)  Path(ns)    Netlist Resource(s)
  -------------------------------------------------------------------    -------------------
                         (clock sys_clk rise edge)    0.000     0.000 r  
    U14                                               0.000     0.000 r  clk (IN)
                         net (fo=0)                   0.000     0.000    clk
    U14                  IBUF (Prop_ibuf_I_O)         1.007     1.007 r  clk_IBUF_inst/O
                         net (fo=1, routed)           1.873     2.880    clk_IBUF
    BUFGCTRL_X0Y16       BUFG (Prop_bufg_I_O)         0.085     2.965 r  clk_IBUF_BUFG_inst/O
                         net (fo=48, routed)          1.390     4.355    clk_IBUF_BUFG
    SLICE_X43Y51         FDCE                                         r  result_reg[10]/C
  -------------------------------------------------------------------    -------------------
    SLICE_X43Y51         FDCE (Prop_fdce_C_Q)         0.379     4.734 r  result_reg[10]/Q
                         net (fo=1, routed)           3.399     8.132    result_OBUF[10]
    Y7                   OBUF (Prop_obuf_I_O)         2.407    10.540 r  result_OBUF[10]_inst/O
                         net (fo=0)                   0.000    10.540    result[10]
    Y7                                                                r  result[10] (OUT)
  -------------------------------------------------------------------    -------------------

Slack:                    inf
  Source:                 result_reg[5]/C
                            (rising edge-triggered cell FDCE clocked by sys_clk  {rise@0.000ns fall@2.500ns period=5.000ns})
  Destination:            result[5]
                            (output port)
  Path Group:             (none)
  Path Type:              Max at Slow Process Corner
  Data Path Delay:        6.140ns  (logic 2.841ns (46.265%)  route 3.299ns (53.735%))
  Logic Levels:           1  (OBUF=1)
  Clock Uncertainty:      0.025ns  ((TSJ^2 + TIJ^2)^1/2 + DJ) / 2 + PE
    Total System Jitter     (TSJ):    0.050ns
    Total Input Jitter      (TIJ):    0.000ns
    Discrete Jitter          (DJ):    0.000ns
    Phase Error              (PE):    0.000ns

    Location             Delay type                Incr(ns)  Path(ns)    Netlist Resource(s)
  -------------------------------------------------------------------    -------------------
                         (clock sys_clk rise edge)    0.000     0.000 r  
    U14                                               0.000     0.000 r  clk (IN)
                         net (fo=0)                   0.000     0.000    clk
    U14                  IBUF (Prop_ibuf_I_O)         1.007     1.007 r  clk_IBUF_inst/O
                         net (fo=1, routed)           1.873     2.880    clk_IBUF
    BUFGCTRL_X0Y16       BUFG (Prop_bufg_I_O)         0.085     2.965 r  clk_IBUF_BUFG_inst/O
                         net (fo=48, routed)          1.390     4.355    clk_IBUF_BUFG
    SLICE_X43Y50         FDCE                                         r  result_reg[5]/C
  -------------------------------------------------------------------    -------------------
    SLICE_X43Y50         FDCE (Prop_fdce_C_Q)         0.379     4.734 r  result_reg[5]/Q
                         net (fo=1, routed)           3.299     8.033    result_OBUF[5]
    W8                   OBUF (Prop_obuf_I_O)         2.462    10.494 r  result_OBUF[5]_inst/O
                         net (fo=0)                   0.000    10.494    result[5]
    W8                                                                r  result[5] (OUT)
  -------------------------------------------------------------------    -------------------

Slack:                    inf
  Source:                 result_reg[6]/C
                            (rising edge-triggered cell FDCE clocked by sys_clk  {rise@0.000ns fall@2.500ns period=5.000ns})
  Destination:            result[6]
                            (output port)
  Path Group:             (none)
  Path Type:              Max at Slow Process Corner
  Data Path Delay:        6.137ns  (logic 2.840ns (46.281%)  route 3.297ns (53.719%))
  Logic Levels:           1  (OBUF=1)
  Clock Uncertainty:      0.025ns  ((TSJ^2 + TIJ^2)^1/2 + DJ) / 2 + PE
    Total System Jitter     (TSJ):    0.050ns
    Total Input Jitter      (TIJ):    0.000ns
    Discrete Jitter          (DJ):    0.000ns
    Phase Error              (PE):    0.000ns

    Location             Delay type                Incr(ns)  Path(ns)    Netlist Resource(s)
  -------------------------------------------------------------------    -------------------
                         (clock sys_clk rise edge)    0.000     0.000 r  
    U14                                               0.000     0.000 r  clk (IN)
                         net (fo=0)                   0.000     0.000    clk
    U14                  IBUF (Prop_ibuf_I_O)         1.007     1.007 r  clk_IBUF_inst/O
                         net (fo=1, routed)           1.873     2.880    clk_IBUF
    BUFGCTRL_X0Y16       BUFG (Prop_bufg_I_O)         0.085     2.965 r  clk_IBUF_BUFG_inst/O
                         net (fo=48, routed)          1.390     4.355    clk_IBUF_BUFG
    SLICE_X43Y50         FDCE                                         r  result_reg[6]/C
  -------------------------------------------------------------------    -------------------
    SLICE_X43Y50         FDCE (Prop_fdce_C_Q)         0.379     4.734 r  result_reg[6]/Q
                         net (fo=1, routed)           3.297     8.031    result_OBUF[6]
    V8                   OBUF (Prop_obuf_I_O)         2.461    10.492 r  result_OBUF[6]_inst/O
                         net (fo=0)                   0.000    10.492    result[6]
    V8                                                                r  result[6] (OUT)
  -------------------------------------------------------------------    -------------------

Slack:                    inf
  Source:                 result_reg[12]/C
                            (rising edge-triggered cell FDCE clocked by sys_clk  {rise@0.000ns fall@2.500ns period=5.000ns})
  Destination:            result[12]
                            (output port)
  Path Group:             (none)
  Path Type:              Max at Slow Process Corner
  Data Path Delay:        6.120ns  (logic 2.778ns (45.391%)  route 3.342ns (54.609%))
  Logic Levels:           1  (OBUF=1)
  Clock Uncertainty:      0.025ns  ((TSJ^2 + TIJ^2)^1/2 + DJ) / 2 + PE
    Total System Jitter     (TSJ):    0.050ns
    Total Input Jitter      (TIJ):    0.000ns
    Discrete Jitter          (DJ):    0.000ns
    Phase Error              (PE):    0.000ns

    Location             Delay type                Incr(ns)  Path(ns)    Netlist Resource(s)
  -------------------------------------------------------------------    -------------------
                         (clock sys_clk rise edge)    0.000     0.000 r  
    U14                                               0.000     0.000 r  clk (IN)
                         net (fo=0)                   0.000     0.000    clk
    U14                  IBUF (Prop_ibuf_I_O)         1.007     1.007 r  clk_IBUF_inst/O
                         net (fo=1, routed)           1.873     2.880    clk_IBUF
    BUFGCTRL_X0Y16       BUFG (Prop_bufg_I_O)         0.085     2.965 r  clk_IBUF_BUFG_inst/O
                         net (fo=48, routed)          1.390     4.355    clk_IBUF_BUFG
    SLICE_X43Y52         FDCE                                         r  result_reg[12]/C
  -------------------------------------------------------------------    -------------------
    SLICE_X43Y52         FDCE (Prop_fdce_C_Q)         0.379     4.734 r  result_reg[12]/Q
                         net (fo=1, routed)           3.342     8.076    result_OBUF[12]
    T9                   OBUF (Prop_obuf_I_O)         2.399    10.475 r  result_OBUF[12]_inst/O
                         net (fo=0)                   0.000    10.475    result[12]
    T9                                                                r  result[12] (OUT)
  -------------------------------------------------------------------    -------------------

Slack:                    inf
  Source:                 result_reg[8]/C
                            (rising edge-triggered cell FDCE clocked by sys_clk  {rise@0.000ns fall@2.500ns period=5.000ns})
  Destination:            result[8]
                            (output port)
  Path Group:             (none)
  Path Type:              Max at Slow Process Corner
  Data Path Delay:        6.098ns  (logic 2.819ns (46.227%)  route 3.279ns (53.773%))
  Logic Levels:           1  (OBUF=1)
  Clock Uncertainty:      0.025ns  ((TSJ^2 + TIJ^2)^1/2 + DJ) / 2 + PE
    Total System Jitter     (TSJ):    0.050ns
    Total Input Jitter      (TIJ):    0.000ns
    Discrete Jitter          (DJ):    0.000ns
    Phase Error              (PE):    0.000ns

    Location             Delay type                Incr(ns)  Path(ns)    Netlist Resource(s)
  -------------------------------------------------------------------    -------------------
                         (clock sys_clk rise edge)    0.000     0.000 r  
    U14                                               0.000     0.000 r  clk (IN)
                         net (fo=0)                   0.000     0.000    clk
    U14                  IBUF (Prop_ibuf_I_O)         1.007     1.007 r  clk_IBUF_inst/O
                         net (fo=1, routed)           1.873     2.880    clk_IBUF
    BUFGCTRL_X0Y16       BUFG (Prop_bufg_I_O)         0.085     2.965 r  clk_IBUF_BUFG_inst/O
                         net (fo=48, routed)          1.390     4.355    clk_IBUF_BUFG
    SLICE_X43Y51         FDCE                                         r  result_reg[8]/C
  -------------------------------------------------------------------    -------------------
    SLICE_X43Y51         FDCE (Prop_fdce_C_Q)         0.379     4.734 r  result_reg[8]/Q
                         net (fo=1, routed)           3.279     8.013    result_OBUF[8]
    Y9                   OBUF (Prop_obuf_I_O)         2.440    10.452 r  result_OBUF[8]_inst/O
                         net (fo=0)                   0.000    10.452    result[8]
    Y9                                                                r  result[8] (OUT)
  -------------------------------------------------------------------    -------------------

Slack:                    inf
  Source:                 result_reg[9]/C
                            (rising edge-triggered cell FDCE clocked by sys_clk  {rise@0.000ns fall@2.500ns period=5.000ns})
  Destination:            result[9]
                            (output port)
  Path Group:             (none)
  Path Type:              Max at Slow Process Corner
  Data Path Delay:        6.057ns  (logic 2.772ns (45.767%)  route 3.285ns (54.233%))
  Logic Levels:           1  (OBUF=1)
  Clock Uncertainty:      0.025ns  ((TSJ^2 + TIJ^2)^1/2 + DJ) / 2 + PE
    Total System Jitter     (TSJ):    0.050ns
    Total Input Jitter      (TIJ):    0.000ns
    Discrete Jitter          (DJ):    0.000ns
    Phase Error              (PE):    0.000ns

    Location             Delay type                Incr(ns)  Path(ns)    Netlist Resource(s)
  -------------------------------------------------------------------    -------------------
                         (clock sys_clk rise edge)    0.000     0.000 r  
    U14                                               0.000     0.000 r  clk (IN)
                         net (fo=0)                   0.000     0.000    clk
    U14                  IBUF (Prop_ibuf_I_O)         1.007     1.007 r  clk_IBUF_inst/O
                         net (fo=1, routed)           1.873     2.880    clk_IBUF
    BUFGCTRL_X0Y16       BUFG (Prop_bufg_I_O)         0.085     2.965 r  clk_IBUF_BUFG_inst/O
                         net (fo=48, routed)          1.390     4.355    clk_IBUF_BUFG
    SLICE_X43Y51         FDCE                                         r  result_reg[9]/C
  -------------------------------------------------------------------    -------------------
    SLICE_X43Y51         FDCE (Prop_fdce_C_Q)         0.379     4.734 r  result_reg[9]/Q
                         net (fo=1, routed)           3.285     8.018    result_OBUF[9]
    Y6                   OBUF (Prop_obuf_I_O)         2.393    10.411 r  result_OBUF[9]_inst/O
                         net (fo=0)                   0.000    10.411    result[9]
    Y6                                                                r  result[9] (OUT)
  -------------------------------------------------------------------    -------------------





Min Delay Paths
--------------------------------------------------------------------------------------
Slack:                    inf
  Source:                 result_reg[15]/C
                            (rising edge-triggered cell FDCE clocked by sys_clk  {rise@0.000ns fall@2.500ns period=5.000ns})
  Destination:            result[15]
                            (output port)
  Path Group:             (none)
  Path Type:              Min at Fast Process Corner
  Data Path Delay:        2.224ns  (logic 1.290ns (58.009%)  route 0.934ns (41.991%))
  Logic Levels:           1  (OBUF=1)
  Clock Uncertainty:      0.025ns  ((TSJ^2 + TIJ^2)^1/2 + DJ) / 2 + PE
    Total System Jitter     (TSJ):    0.050ns
    Total Input Jitter      (TIJ):    0.000ns
    Discrete Jitter          (DJ):    0.000ns
    Phase Error              (PE):    0.000ns

    Location             Delay type                Incr(ns)  Path(ns)    Netlist Resource(s)
  -------------------------------------------------------------------    -------------------
                         (clock sys_clk rise edge)    0.000     0.000 r  
    U14                                               0.000     0.000 r  clk (IN)
                         net (fo=0)                   0.000     0.000    clk
    U14                  IBUF (Prop_ibuf_I_O)         0.302     0.302 r  clk_IBUF_inst/O
                         net (fo=1, routed)           0.674     0.976    clk_IBUF
    BUFGCTRL_X0Y16       BUFG (Prop_bufg_I_O)         0.026     1.002 r  clk_IBUF_BUFG_inst/O
                         net (fo=48, routed)          0.557     1.559    clk_IBUF_BUFG
    SLICE_X43Y52         FDCE                                         r  result_reg[15]/C
  -------------------------------------------------------------------    -------------------
    SLICE_X43Y52         FDCE (Prop_fdce_C_Q)         0.141     1.700 r  result_reg[15]/Q
                         net (fo=1, routed)           0.934     2.634    result_OBUF[15]
    V5                   OBUF (Prop_obuf_I_O)         1.149     3.783 r  result_OBUF[15]_inst/O
                         net (fo=0)                   0.000     3.783    result[15]
    V5                                                                r  result[15] (OUT)
  -------------------------------------------------------------------    -------------------

Slack:                    inf
  Source:                 result_reg[11]/C
                            (rising edge-triggered cell FDCE clocked by sys_clk  {rise@0.000ns fall@2.500ns period=5.000ns})
  Destination:            result[11]
                            (output port)
  Path Group:             (none)
  Path Type:              Min at Fast Process Corner
  Data Path Delay:        2.434ns  (logic 1.312ns (53.924%)  route 1.121ns (46.076%))
  Logic Levels:           1  (OBUF=1)
  Clock Uncertainty:      0.025ns  ((TSJ^2 + TIJ^2)^1/2 + DJ) / 2 + PE
    Total System Jitter     (TSJ):    0.050ns
    Total Input Jitter      (TIJ):    0.000ns
    Discrete Jitter          (DJ):    0.000ns
    Phase Error              (PE):    0.000ns

    Location             Delay type                Incr(ns)  Path(ns)    Netlist Resource(s)
  -------------------------------------------------------------------    -------------------
                         (clock sys_clk rise edge)    0.000     0.000 r  
    U14                                               0.000     0.000 r  clk (IN)
                         net (fo=0)                   0.000     0.000    clk
    U14                  IBUF (Prop_ibuf_I_O)         0.302     0.302 r  clk_IBUF_inst/O
                         net (fo=1, routed)           0.674     0.976    clk_IBUF
    BUFGCTRL_X0Y16       BUFG (Prop_bufg_I_O)         0.026     1.002 r  clk_IBUF_BUFG_inst/O
                         net (fo=48, routed)          0.557     1.559    clk_IBUF_BUFG
    SLICE_X43Y51         FDCE                                         r  result_reg[11]/C
  -------------------------------------------------------------------    -------------------
    SLICE_X43Y51         FDCE (Prop_fdce_C_Q)         0.141     1.700 r  result_reg[11]/Q
                         net (fo=1, routed)           1.121     2.821    result_OBUF[11]
    U10                  OBUF (Prop_obuf_I_O)         1.171     3.993 r  result_OBUF[11]_inst/O
                         net (fo=0)                   0.000     3.993    result[11]
    U10                                                               r  result[11] (OUT)
  -------------------------------------------------------------------    -------------------

Slack:                    inf
  Source:                 result_reg[7]/C
                            (rising edge-triggered cell FDCE clocked by sys_clk  {rise@0.000ns fall@2.500ns period=5.000ns})
  Destination:            result[7]
                            (output port)
  Path Group:             (none)
  Path Type:              Min at Fast Process Corner
  Data Path Delay:        2.571ns  (logic 1.334ns (51.875%)  route 1.237ns (48.125%))
  Logic Levels:           1  (OBUF=1)
  Clock Uncertainty:      0.025ns  ((TSJ^2 + TIJ^2)^1/2 + DJ) / 2 + PE
    Total System Jitter     (TSJ):    0.050ns
    Total Input Jitter      (TIJ):    0.000ns
    Discrete Jitter          (DJ):    0.000ns
    Phase Error              (PE):    0.000ns

    Location             Delay type                Incr(ns)  Path(ns)    Netlist Resource(s)
  -------------------------------------------------------------------    -------------------
                         (clock sys_clk rise edge)    0.000     0.000 r  
    U14                                               0.000     0.000 r  clk (IN)
                         net (fo=0)                   0.000     0.000    clk
    U14                  IBUF (Prop_ibuf_I_O)         0.302     0.302 r  clk_IBUF_inst/O
                         net (fo=1, routed)           0.674     0.976    clk_IBUF
    BUFGCTRL_X0Y16       BUFG (Prop_bufg_I_O)         0.026     1.002 r  clk_IBUF_BUFG_inst/O
                         net (fo=48, routed)          0.557     1.559    clk_IBUF_BUFG
    SLICE_X43Y50         FDCE                                         r  result_reg[7]/C
  -------------------------------------------------------------------    -------------------
    SLICE_X43Y50         FDCE (Prop_fdce_C_Q)         0.141     1.700 r  result_reg[7]/Q
                         net (fo=1, routed)           1.237     2.937    result_OBUF[7]
    Y8                   OBUF (Prop_obuf_I_O)         1.193     4.130 r  result_OBUF[7]_inst/O
                         net (fo=0)                   0.000     4.130    result[7]
    Y8                                                                r  result[7] (OUT)
  -------------------------------------------------------------------    -------------------

Slack:                    inf
  Source:                 result_reg[3]/C
                            (rising edge-triggered cell FDCE clocked by sys_clk  {rise@0.000ns fall@2.500ns period=5.000ns})
  Destination:            result[3]
                            (output port)
  Path Group:             (none)
  Path Type:              Min at Fast Process Corner
  Data Path Delay:        2.651ns  (logic 1.321ns (49.837%)  route 1.330ns (50.163%))
  Logic Levels:           1  (OBUF=1)
  Clock Uncertainty:      0.025ns  ((TSJ^2 + TIJ^2)^1/2 + DJ) / 2 + PE
    Total System Jitter     (TSJ):    0.050ns
    Total Input Jitter      (TIJ):    0.000ns
    Discrete Jitter          (DJ):    0.000ns
    Phase Error              (PE):    0.000ns

    Location             Delay type                Incr(ns)  Path(ns)    Netlist Resource(s)
  -------------------------------------------------------------------    -------------------
                         (clock sys_clk rise edge)    0.000     0.000 r  
    U14                                               0.000     0.000 r  clk (IN)
                         net (fo=0)                   0.000     0.000    clk
    U14                  IBUF (Prop_ibuf_I_O)         0.302     0.302 r  clk_IBUF_inst/O
                         net (fo=1, routed)           0.674     0.976    clk_IBUF
    BUFGCTRL_X0Y16       BUFG (Prop_bufg_I_O)         0.026     1.002 r  clk_IBUF_BUFG_inst/O
                         net (fo=48, routed)          0.563     1.565    clk_IBUF_BUFG
    SLICE_X43Y49         FDCE                                         r  result_reg[3]/C
  -------------------------------------------------------------------    -------------------
    SLICE_X43Y49         FDCE (Prop_fdce_C_Q)         0.141     1.706 r  result_reg[3]/Q
                         net (fo=1, routed)           1.330     3.036    result_OBUF[3]
    W9                   OBUF (Prop_obuf_I_O)         1.180     4.216 r  result_OBUF[3]_inst/O
                         net (fo=0)                   0.000     4.216    result[3]
    W9                                                                r  result[3] (OUT)
  -------------------------------------------------------------------    -------------------

Slack:                    inf
  Source:                 result_reg[14]/C
                            (rising edge-triggered cell FDCE clocked by sys_clk  {rise@0.000ns fall@2.500ns period=5.000ns})
  Destination:            result[14]
                            (output port)
  Path Group:             (none)
  Path Type:              Min at Fast Process Corner
  Data Path Delay:        2.702ns  (logic 1.378ns (51.003%)  route 1.324ns (48.997%))
  Logic Levels:           1  (OBUF=1)
  Clock Uncertainty:      0.025ns  ((TSJ^2 + TIJ^2)^1/2 + DJ) / 2 + PE
    Total System Jitter     (TSJ):    0.050ns
    Total Input Jitter      (TIJ):    0.000ns
    Discrete Jitter          (DJ):    0.000ns
    Phase Error              (PE):    0.000ns

    Location             Delay type                Incr(ns)  Path(ns)    Netlist Resource(s)
  -------------------------------------------------------------------    -------------------
                         (clock sys_clk rise edge)    0.000     0.000 r  
    U14                                               0.000     0.000 r  clk (IN)
                         net (fo=0)                   0.000     0.000    clk
    U14                  IBUF (Prop_ibuf_I_O)         0.302     0.302 r  clk_IBUF_inst/O
                         net (fo=1, routed)           0.674     0.976    clk_IBUF
    BUFGCTRL_X0Y16       BUFG (Prop_bufg_I_O)         0.026     1.002 r  clk_IBUF_BUFG_inst/O
                         net (fo=48, routed)          0.557     1.559    clk_IBUF_BUFG
    SLICE_X43Y52         FDCE                                         r  result_reg[14]/C
  -------------------------------------------------------------------    -------------------
    SLICE_X43Y52         FDCE (Prop_fdce_C_Q)         0.141     1.700 r  result_reg[14]/Q
                         net (fo=1, routed)           1.324     3.024    result_OBUF[14]
    U7                   OBUF (Prop_obuf_I_O)         1.237     4.261 r  result_OBUF[14]_inst/O
                         net (fo=0)                   0.000     4.261    result[14]
    U7                                                                r  result[14] (OUT)
  -------------------------------------------------------------------    -------------------

Slack:                    inf
  Source:                 result_reg[13]/C
                            (rising edge-triggered cell FDCE clocked by sys_clk  {rise@0.000ns fall@2.500ns period=5.000ns})
  Destination:            result[13]
                            (output port)
  Path Group:             (none)
  Path Type:              Min at Fast Process Corner
  Data Path Delay:        2.744ns  (logic 1.371ns (49.965%)  route 1.373ns (50.035%))
  Logic Levels:           1  (OBUF=1)
  Clock Uncertainty:      0.025ns  ((TSJ^2 + TIJ^2)^1/2 + DJ) / 2 + PE
    Total System Jitter     (TSJ):    0.050ns
    Total Input Jitter      (TIJ):    0.000ns
    Discrete Jitter          (DJ):    0.000ns
    Phase Error              (PE):    0.000ns

    Location             Delay type                Incr(ns)  Path(ns)    Netlist Resource(s)
  -------------------------------------------------------------------    -------------------
                         (clock sys_clk rise edge)    0.000     0.000 r  
    U14                                               0.000     0.000 r  clk (IN)
                         net (fo=0)                   0.000     0.000    clk
    U14                  IBUF (Prop_ibuf_I_O)         0.302     0.302 r  clk_IBUF_inst/O
                         net (fo=1, routed)           0.674     0.976    clk_IBUF
    BUFGCTRL_X0Y16       BUFG (Prop_bufg_I_O)         0.026     1.002 r  clk_IBUF_BUFG_inst/O
                         net (fo=48, routed)          0.557     1.559    clk_IBUF_BUFG
    SLICE_X43Y52         FDCE                                         r  result_reg[13]/C
  -------------------------------------------------------------------    -------------------
    SLICE_X43Y52         FDCE (Prop_fdce_C_Q)         0.141     1.700 r  result_reg[13]/Q
                         net (fo=1, routed)           1.373     3.073    result_OBUF[13]
    V7                   OBUF (Prop_obuf_I_O)         1.230     4.303 r  result_OBUF[13]_inst/O
                         net (fo=0)                   0.000     4.303    result[13]
    V7                                                                r  result[13] (OUT)
  -------------------------------------------------------------------    -------------------

Slack:                    inf
  Source:                 result_reg[9]/C
                            (rising edge-triggered cell FDCE clocked by sys_clk  {rise@0.000ns fall@2.500ns period=5.000ns})
  Destination:            result[9]
                            (output port)
  Path Group:             (none)
  Path Type:              Min at Fast Process Corner
  Data Path Delay:        2.748ns  (logic 1.304ns (47.457%)  route 1.444ns (52.543%))
  Logic Levels:           1  (OBUF=1)
  Clock Uncertainty:      0.025ns  ((TSJ^2 + TIJ^2)^1/2 + DJ) / 2 + PE
    Total System Jitter     (TSJ):    0.050ns
    Total Input Jitter      (TIJ):    0.000ns
    Discrete Jitter          (DJ):    0.000ns
    Phase Error              (PE):    0.000ns

    Location             Delay type                Incr(ns)  Path(ns)    Netlist Resource(s)
  -------------------------------------------------------------------    -------------------
                         (clock sys_clk rise edge)    0.000     0.000 r  
    U14                                               0.000     0.000 r  clk (IN)
                         net (fo=0)                   0.000     0.000    clk
    U14                  IBUF (Prop_ibuf_I_O)         0.302     0.302 r  clk_IBUF_inst/O
                         net (fo=1, routed)           0.674     0.976    clk_IBUF
    BUFGCTRL_X0Y16       BUFG (Prop_bufg_I_O)         0.026     1.002 r  clk_IBUF_BUFG_inst/O
                         net (fo=48, routed)          0.557     1.559    clk_IBUF_BUFG
    SLICE_X43Y51         FDCE                                         r  result_reg[9]/C
  -------------------------------------------------------------------    -------------------
    SLICE_X43Y51         FDCE (Prop_fdce_C_Q)         0.141     1.700 r  result_reg[9]/Q
                         net (fo=1, routed)           1.444     3.144    result_OBUF[9]
    Y6                   OBUF (Prop_obuf_I_O)         1.163     4.307 r  result_OBUF[9]_inst/O
                         net (fo=0)                   0.000     4.307    result[9]
    Y6                                                                r  result[9] (OUT)
  -------------------------------------------------------------------    -------------------

Slack:                    inf
  Source:                 result_reg[12]/C
                            (rising edge-triggered cell FDCE clocked by sys_clk  {rise@0.000ns fall@2.500ns period=5.000ns})
  Destination:            result[12]
                            (output port)
  Path Group:             (none)
  Path Type:              Min at Fast Process Corner
  Data Path Delay:        2.751ns  (logic 1.310ns (47.616%)  route 1.441ns (52.384%))
  Logic Levels:           1  (OBUF=1)
  Clock Uncertainty:      0.025ns  ((TSJ^2 + TIJ^2)^1/2 + DJ) / 2 + PE
    Total System Jitter     (TSJ):    0.050ns
    Total Input Jitter      (TIJ):    0.000ns
    Discrete Jitter          (DJ):    0.000ns
    Phase Error              (PE):    0.000ns

    Location             Delay type                Incr(ns)  Path(ns)    Netlist Resource(s)
  -------------------------------------------------------------------    -------------------
                         (clock sys_clk rise edge)    0.000     0.000 r  
    U14                                               0.000     0.000 r  clk (IN)
                         net (fo=0)                   0.000     0.000    clk
    U14                  IBUF (Prop_ibuf_I_O)         0.302     0.302 r  clk_IBUF_inst/O
                         net (fo=1, routed)           0.674     0.976    clk_IBUF
    BUFGCTRL_X0Y16       BUFG (Prop_bufg_I_O)         0.026     1.002 r  clk_IBUF_BUFG_inst/O
                         net (fo=48, routed)          0.557     1.559    clk_IBUF_BUFG
    SLICE_X43Y52         FDCE                                         r  result_reg[12]/C
  -------------------------------------------------------------------    -------------------
    SLICE_X43Y52         FDCE (Prop_fdce_C_Q)         0.141     1.700 r  result_reg[12]/Q
                         net (fo=1, routed)           1.441     3.141    result_OBUF[12]
    T9                   OBUF (Prop_obuf_I_O)         1.169     4.310 r  result_OBUF[12]_inst/O
                         net (fo=0)                   0.000     4.310    result[12]
    T9                                                                r  result[12] (OUT)
  -------------------------------------------------------------------    -------------------

Slack:                    inf
  Source:                 result_reg[8]/C
                            (rising edge-triggered cell FDCE clocked by sys_clk  {rise@0.000ns fall@2.500ns period=5.000ns})
  Destination:            result[8]
                            (output port)
  Path Group:             (none)
  Path Type:              Min at Fast Process Corner
  Data Path Delay:        2.773ns  (logic 1.350ns (48.709%)  route 1.422ns (51.291%))
  Logic Levels:           1  (OBUF=1)
  Clock Uncertainty:      0.025ns  ((TSJ^2 + TIJ^2)^1/2 + DJ) / 2 + PE
    Total System Jitter     (TSJ):    0.050ns
    Total Input Jitter      (TIJ):    0.000ns
    Discrete Jitter          (DJ):    0.000ns
    Phase Error              (PE):    0.000ns

    Location             Delay type                Incr(ns)  Path(ns)    Netlist Resource(s)
  -------------------------------------------------------------------    -------------------
                         (clock sys_clk rise edge)    0.000     0.000 r  
    U14                                               0.000     0.000 r  clk (IN)
                         net (fo=0)                   0.000     0.000    clk
    U14                  IBUF (Prop_ibuf_I_O)         0.302     0.302 r  clk_IBUF_inst/O
                         net (fo=1, routed)           0.674     0.976    clk_IBUF
    BUFGCTRL_X0Y16       BUFG (Prop_bufg_I_O)         0.026     1.002 r  clk_IBUF_BUFG_inst/O
                         net (fo=48, routed)          0.557     1.559    clk_IBUF_BUFG
    SLICE_X43Y51         FDCE                                         r  result_reg[8]/C
  -------------------------------------------------------------------    -------------------
    SLICE_X43Y51         FDCE (Prop_fdce_C_Q)         0.141     1.700 r  result_reg[8]/Q
                         net (fo=1, routed)           1.422     3.122    result_OBUF[8]
    Y9                   OBUF (Prop_obuf_I_O)         1.209     4.332 r  result_OBUF[8]_inst/O
                         net (fo=0)                   0.000     4.332    result[8]
    Y9                                                                r  result[8] (OUT)
  -------------------------------------------------------------------    -------------------

Slack:                    inf
  Source:                 result_reg[10]/C
                            (rising edge-triggered cell FDCE clocked by sys_clk  {rise@0.000ns fall@2.500ns period=5.000ns})
  Destination:            result[10]
                            (output port)
  Path Group:             (none)
  Path Type:              Min at Fast Process Corner
  Data Path Delay:        2.787ns  (logic 1.318ns (47.299%)  route 1.469ns (52.701%))
  Logic Levels:           1  (OBUF=1)
  Clock Uncertainty:      0.025ns  ((TSJ^2 + TIJ^2)^1/2 + DJ) / 2 + PE
    Total System Jitter     (TSJ):    0.050ns
    Total Input Jitter      (TIJ):    0.000ns
    Discrete Jitter          (DJ):    0.000ns
    Phase Error              (PE):    0.000ns

    Location             Delay type                Incr(ns)  Path(ns)    Netlist Resource(s)
  -------------------------------------------------------------------    -------------------
                         (clock sys_clk rise edge)    0.000     0.000 r  
    U14                                               0.000     0.000 r  clk (IN)
                         net (fo=0)                   0.000     0.000    clk
    U14                  IBUF (Prop_ibuf_I_O)         0.302     0.302 r  clk_IBUF_inst/O
                         net (fo=1, routed)           0.674     0.976    clk_IBUF
    BUFGCTRL_X0Y16       BUFG (Prop_bufg_I_O)         0.026     1.002 r  clk_IBUF_BUFG_inst/O
                         net (fo=48, routed)          0.557     1.559    clk_IBUF_BUFG
    SLICE_X43Y51         FDCE                                         r  result_reg[10]/C
  -------------------------------------------------------------------    -------------------
    SLICE_X43Y51         FDCE (Prop_fdce_C_Q)         0.141     1.700 r  result_reg[10]/Q
                         net (fo=1, routed)           1.469     3.169    result_OBUF[10]
    Y7                   OBUF (Prop_obuf_I_O)         1.177     4.346 r  result_OBUF[10]_inst/O
                         net (fo=0)                   0.000     4.346    result[10]
    Y7                                                                r  result[10] (OUT)
  -------------------------------------------------------------------    -------------------





--------------------------------------------------------------------------------------
Path Group:  (none)
From Clock:  
  To Clock:  sys_clk

Max Delay            80 Endpoints
Min Delay            80 Endpoints
--------------------------------------------------------------------------------------


Max Delay Paths
--------------------------------------------------------------------------------------
Slack:                    inf
  Source:                 rst
                            (input port)
  Destination:            b_reg_reg[5]/CLR
                            (recovery check against rising-edge clock sys_clk  {rise@0.000ns fall@2.500ns period=5.000ns})
  Path Group:             (none)
  Path Type:              Recovery (Max at Slow Process Corner)
  Data Path Delay:        5.187ns  (logic 0.950ns (18.323%)  route 4.236ns (81.677%))
  Logic Levels:           1  (IBUF=1)
  Clock Path Skew:        3.887ns (DCD - SCD + CPR)
    Destination Clock Delay (DCD):    3.887ns
    Source Clock Delay      (SCD):    0.000ns
    Clock Pessimism Removal (CPR):    0.000ns
  Clock Uncertainty:      0.025ns  ((TSJ^2 + TIJ^2)^1/2 + DJ) / 2 + PE
    Total System Jitter     (TSJ):    0.050ns
    Total Input Jitter      (TIJ):    0.000ns
    Discrete Jitter          (DJ):    0.000ns
    Phase Error              (PE):    0.000ns

    Location             Delay type                Incr(ns)  Path(ns)    Netlist Resource(s)
  -------------------------------------------------------------------    -------------------
    Y11                                               0.000     0.000 f  rst (IN)
                         net (fo=0)                   0.000     0.000    rst
    Y11                  IBUF (Prop_ibuf_I_O)         0.950     0.950 f  rst_IBUF_inst/O
                         net (fo=48, routed)          4.236     5.187    rst_IBUF
    SLICE_X45Y51         FDCE                                         f  b_reg_reg[5]/CLR
  -------------------------------------------------------------------    -------------------

                         (clock sys_clk rise edge)    0.000     0.000 r  
    U14                                               0.000     0.000 r  clk (IN)
                         net (fo=0)                   0.000     0.000    clk
    U14                  IBUF (Prop_ibuf_I_O)         0.875     0.875 r  clk_IBUF_inst/O
                         net (fo=1, routed)           1.701     2.576    clk_IBUF
    BUFGCTRL_X0Y16       BUFG (Prop_bufg_I_O)         0.077     2.653 r  clk_IBUF_BUFG_inst/O
                         net (fo=48, routed)          1.234     3.887    clk_IBUF_BUFG
    SLICE_X45Y51         FDCE                                         r  b_reg_reg[5]/C

Slack:                    inf
  Source:                 rst
                            (input port)
  Destination:            a_reg_reg[2]/CLR
                            (recovery check against rising-edge clock sys_clk  {rise@0.000ns fall@2.500ns period=5.000ns})
  Path Group:             (none)
  Path Type:              Recovery (Max at Slow Process Corner)
  Data Path Delay:        5.185ns  (logic 0.950ns (18.330%)  route 4.234ns (81.670%))
  Logic Levels:           1  (IBUF=1)
  Clock Path Skew:        3.887ns (DCD - SCD + CPR)
    Destination Clock Delay (DCD):    3.887ns
    Source Clock Delay      (SCD):    0.000ns
    Clock Pessimism Removal (CPR):    0.000ns
  Clock Uncertainty:      0.025ns  ((TSJ^2 + TIJ^2)^1/2 + DJ) / 2 + PE
    Total System Jitter     (TSJ):    0.050ns
    Total Input Jitter      (TIJ):    0.000ns
    Discrete Jitter          (DJ):    0.000ns
    Phase Error              (PE):    0.000ns

    Location             Delay type                Incr(ns)  Path(ns)    Netlist Resource(s)
  -------------------------------------------------------------------    -------------------
    Y11                                               0.000     0.000 f  rst (IN)
                         net (fo=0)                   0.000     0.000    rst
    Y11                  IBUF (Prop_ibuf_I_O)         0.950     0.950 f  rst_IBUF_inst/O
                         net (fo=48, routed)          4.234     5.185    rst_IBUF
    SLICE_X47Y50         FDCE                                         f  a_reg_reg[2]/CLR
  -------------------------------------------------------------------    -------------------

                         (clock sys_clk rise edge)    0.000     0.000 r  
    U14                                               0.000     0.000 r  clk (IN)
                         net (fo=0)                   0.000     0.000    clk
    U14                  IBUF (Prop_ibuf_I_O)         0.875     0.875 r  clk_IBUF_inst/O
                         net (fo=1, routed)           1.701     2.576    clk_IBUF
    BUFGCTRL_X0Y16       BUFG (Prop_bufg_I_O)         0.077     2.653 r  clk_IBUF_BUFG_inst/O
                         net (fo=48, routed)          1.234     3.887    clk_IBUF_BUFG
    SLICE_X47Y50         FDCE                                         r  a_reg_reg[2]/C

Slack:                    inf
  Source:                 rst
                            (input port)
  Destination:            a_reg_reg[5]/CLR
                            (recovery check against rising-edge clock sys_clk  {rise@0.000ns fall@2.500ns period=5.000ns})
  Path Group:             (none)
  Path Type:              Recovery (Max at Slow Process Corner)
  Data Path Delay:        5.185ns  (logic 0.950ns (18.330%)  route 4.234ns (81.670%))
  Logic Levels:           1  (IBUF=1)
  Clock Path Skew:        3.887ns (DCD - SCD + CPR)
    Destination Clock Delay (DCD):    3.887ns
    Source Clock Delay      (SCD):    0.000ns
    Clock Pessimism Removal (CPR):    0.000ns
  Clock Uncertainty:      0.025ns  ((TSJ^2 + TIJ^2)^1/2 + DJ) / 2 + PE
    Total System Jitter     (TSJ):    0.050ns
    Total Input Jitter      (TIJ):    0.000ns
    Discrete Jitter          (DJ):    0.000ns
    Phase Error              (PE):    0.000ns

    Location             Delay type                Incr(ns)  Path(ns)    Netlist Resource(s)
  -------------------------------------------------------------------    -------------------
    Y11                                               0.000     0.000 f  rst (IN)
                         net (fo=0)                   0.000     0.000    rst
    Y11                  IBUF (Prop_ibuf_I_O)         0.950     0.950 f  rst_IBUF_inst/O
                         net (fo=48, routed)          4.234     5.185    rst_IBUF
    SLICE_X47Y50         FDCE                                         f  a_reg_reg[5]/CLR
  -------------------------------------------------------------------    -------------------

                         (clock sys_clk rise edge)    0.000     0.000 r  
    U14                                               0.000     0.000 r  clk (IN)
                         net (fo=0)                   0.000     0.000    clk
    U14                  IBUF (Prop_ibuf_I_O)         0.875     0.875 r  clk_IBUF_inst/O
                         net (fo=1, routed)           1.701     2.576    clk_IBUF
    BUFGCTRL_X0Y16       BUFG (Prop_bufg_I_O)         0.077     2.653 r  clk_IBUF_BUFG_inst/O
                         net (fo=48, routed)          1.234     3.887    clk_IBUF_BUFG
    SLICE_X47Y50         FDCE                                         r  a_reg_reg[5]/C

Slack:                    inf
  Source:                 rst
                            (input port)
  Destination:            a_reg_reg[7]/CLR
                            (recovery check against rising-edge clock sys_clk  {rise@0.000ns fall@2.500ns period=5.000ns})
  Path Group:             (none)
  Path Type:              Recovery (Max at Slow Process Corner)
  Data Path Delay:        5.185ns  (logic 0.950ns (18.330%)  route 4.234ns (81.670%))
  Logic Levels:           1  (IBUF=1)
  Clock Path Skew:        3.887ns (DCD - SCD + CPR)
    Destination Clock Delay (DCD):    3.887ns
    Source Clock Delay      (SCD):    0.000ns
    Clock Pessimism Removal (CPR):    0.000ns
  Clock Uncertainty:      0.025ns  ((TSJ^2 + TIJ^2)^1/2 + DJ) / 2 + PE
    Total System Jitter     (TSJ):    0.050ns
    Total Input Jitter      (TIJ):    0.000ns
    Discrete Jitter          (DJ):    0.000ns
    Phase Error              (PE):    0.000ns

    Location             Delay type                Incr(ns)  Path(ns)    Netlist Resource(s)
  -------------------------------------------------------------------    -------------------
    Y11                                               0.000     0.000 f  rst (IN)
                         net (fo=0)                   0.000     0.000    rst
    Y11                  IBUF (Prop_ibuf_I_O)         0.950     0.950 f  rst_IBUF_inst/O
                         net (fo=48, routed)          4.234     5.185    rst_IBUF
    SLICE_X47Y50         FDCE                                         f  a_reg_reg[7]/CLR
  -------------------------------------------------------------------    -------------------

                         (clock sys_clk rise edge)    0.000     0.000 r  
    U14                                               0.000     0.000 r  clk (IN)
                         net (fo=0)                   0.000     0.000    clk
    U14                  IBUF (Prop_ibuf_I_O)         0.875     0.875 r  clk_IBUF_inst/O
                         net (fo=1, routed)           1.701     2.576    clk_IBUF
    BUFGCTRL_X0Y16       BUFG (Prop_bufg_I_O)         0.077     2.653 r  clk_IBUF_BUFG_inst/O
                         net (fo=48, routed)          1.234     3.887    clk_IBUF_BUFG
    SLICE_X47Y50         FDCE                                         r  a_reg_reg[7]/C

Slack:                    inf
  Source:                 rst
                            (input port)
  Destination:            b_reg_reg[1]/CLR
                            (recovery check against rising-edge clock sys_clk  {rise@0.000ns fall@2.500ns period=5.000ns})
  Path Group:             (none)
  Path Type:              Recovery (Max at Slow Process Corner)
  Data Path Delay:        5.185ns  (logic 0.950ns (18.330%)  route 4.234ns (81.670%))
  Logic Levels:           1  (IBUF=1)
  Clock Path Skew:        3.887ns (DCD - SCD + CPR)
    Destination Clock Delay (DCD):    3.887ns
    Source Clock Delay      (SCD):    0.000ns
    Clock Pessimism Removal (CPR):    0.000ns
  Clock Uncertainty:      0.025ns  ((TSJ^2 + TIJ^2)^1/2 + DJ) / 2 + PE
    Total System Jitter     (TSJ):    0.050ns
    Total Input Jitter      (TIJ):    0.000ns
    Discrete Jitter          (DJ):    0.000ns
    Phase Error              (PE):    0.000ns

    Location             Delay type                Incr(ns)  Path(ns)    Netlist Resource(s)
  -------------------------------------------------------------------    -------------------
    Y11                                               0.000     0.000 f  rst (IN)
                         net (fo=0)                   0.000     0.000    rst
    Y11                  IBUF (Prop_ibuf_I_O)         0.950     0.950 f  rst_IBUF_inst/O
                         net (fo=48, routed)          4.234     5.185    rst_IBUF
    SLICE_X47Y50         FDCE                                         f  b_reg_reg[1]/CLR
  -------------------------------------------------------------------    -------------------

                         (clock sys_clk rise edge)    0.000     0.000 r  
    U14                                               0.000     0.000 r  clk (IN)
                         net (fo=0)                   0.000     0.000    clk
    U14                  IBUF (Prop_ibuf_I_O)         0.875     0.875 r  clk_IBUF_inst/O
                         net (fo=1, routed)           1.701     2.576    clk_IBUF
    BUFGCTRL_X0Y16       BUFG (Prop_bufg_I_O)         0.077     2.653 r  clk_IBUF_BUFG_inst/O
                         net (fo=48, routed)          1.234     3.887    clk_IBUF_BUFG
    SLICE_X47Y50         FDCE                                         r  b_reg_reg[1]/C

Slack:                    inf
  Source:                 rst
                            (input port)
  Destination:            a_reg_reg[4]/CLR
                            (recovery check against rising-edge clock sys_clk  {rise@0.000ns fall@2.500ns period=5.000ns})
  Path Group:             (none)
  Path Type:              Recovery (Max at Slow Process Corner)
  Data Path Delay:        5.146ns  (logic 0.950ns (18.467%)  route 4.196ns (81.533%))
  Logic Levels:           1  (IBUF=1)
  Clock Path Skew:        3.887ns (DCD - SCD + CPR)
    Destination Clock Delay (DCD):    3.887ns
    Source Clock Delay      (SCD):    0.000ns
    Clock Pessimism Removal (CPR):    0.000ns
  Clock Uncertainty:      0.025ns  ((TSJ^2 + TIJ^2)^1/2 + DJ) / 2 + PE
    Total System Jitter     (TSJ):    0.050ns
    Total Input Jitter      (TIJ):    0.000ns
    Discrete Jitter          (DJ):    0.000ns
    Phase Error              (PE):    0.000ns

    Location             Delay type                Incr(ns)  Path(ns)    Netlist Resource(s)
  -------------------------------------------------------------------    -------------------
    Y11                                               0.000     0.000 f  rst (IN)
                         net (fo=0)                   0.000     0.000    rst
    Y11                  IBUF (Prop_ibuf_I_O)         0.950     0.950 f  rst_IBUF_inst/O
                         net (fo=48, routed)          4.196     5.146    rst_IBUF
    SLICE_X47Y52         FDCE                                         f  a_reg_reg[4]/CLR
  -------------------------------------------------------------------    -------------------

                         (clock sys_clk rise edge)    0.000     0.000 r  
    U14                                               0.000     0.000 r  clk (IN)
                         net (fo=0)                   0.000     0.000    clk
    U14                  IBUF (Prop_ibuf_I_O)         0.875     0.875 r  clk_IBUF_inst/O
                         net (fo=1, routed)           1.701     2.576    clk_IBUF
    BUFGCTRL_X0Y16       BUFG (Prop_bufg_I_O)         0.077     2.653 r  clk_IBUF_BUFG_inst/O
                         net (fo=48, routed)          1.234     3.887    clk_IBUF_BUFG
    SLICE_X47Y52         FDCE                                         r  a_reg_reg[4]/C

Slack:                    inf
  Source:                 rst
                            (input port)
  Destination:            b_reg_reg[4]/CLR
                            (recovery check against rising-edge clock sys_clk  {rise@0.000ns fall@2.500ns period=5.000ns})
  Path Group:             (none)
  Path Type:              Recovery (Max at Slow Process Corner)
  Data Path Delay:        5.146ns  (logic 0.950ns (18.467%)  route 4.196ns (81.533%))
  Logic Levels:           1  (IBUF=1)
  Clock Path Skew:        3.887ns (DCD - SCD + CPR)
    Destination Clock Delay (DCD):    3.887ns
    Source Clock Delay      (SCD):    0.000ns
    Clock Pessimism Removal (CPR):    0.000ns
  Clock Uncertainty:      0.025ns  ((TSJ^2 + TIJ^2)^1/2 + DJ) / 2 + PE
    Total System Jitter     (TSJ):    0.050ns
    Total Input Jitter      (TIJ):    0.000ns
    Discrete Jitter          (DJ):    0.000ns
    Phase Error              (PE):    0.000ns

    Location             Delay type                Incr(ns)  Path(ns)    Netlist Resource(s)
  -------------------------------------------------------------------    -------------------
    Y11                                               0.000     0.000 f  rst (IN)
                         net (fo=0)                   0.000     0.000    rst
    Y11                  IBUF (Prop_ibuf_I_O)         0.950     0.950 f  rst_IBUF_inst/O
                         net (fo=48, routed)          4.196     5.146    rst_IBUF
    SLICE_X47Y52         FDCE                                         f  b_reg_reg[4]/CLR
  -------------------------------------------------------------------    -------------------

                         (clock sys_clk rise edge)    0.000     0.000 r  
    U14                                               0.000     0.000 r  clk (IN)
                         net (fo=0)                   0.000     0.000    clk
    U14                  IBUF (Prop_ibuf_I_O)         0.875     0.875 r  clk_IBUF_inst/O
                         net (fo=1, routed)           1.701     2.576    clk_IBUF
    BUFGCTRL_X0Y16       BUFG (Prop_bufg_I_O)         0.077     2.653 r  clk_IBUF_BUFG_inst/O
                         net (fo=48, routed)          1.234     3.887    clk_IBUF_BUFG
    SLICE_X47Y52         FDCE                                         r  b_reg_reg[4]/C

Slack:                    inf
  Source:                 rst
                            (input port)
  Destination:            result_reg[12]/CLR
                            (recovery check against rising-edge clock sys_clk  {rise@0.000ns fall@2.500ns period=5.000ns})
  Path Group:             (none)
  Path Type:              Recovery (Max at Slow Process Corner)
  Data Path Delay:        4.796ns  (logic 0.950ns (19.814%)  route 3.846ns (80.186%))
  Logic Levels:           1  (IBUF=1)
  Clock Path Skew:        3.888ns (DCD - SCD + CPR)
    Destination Clock Delay (DCD):    3.888ns
    Source Clock Delay      (SCD):    0.000ns
    Clock Pessimism Removal (CPR):    0.000ns
  Clock Uncertainty:      0.025ns  ((TSJ^2 + TIJ^2)^1/2 + DJ) / 2 + PE
    Total System Jitter     (TSJ):    0.050ns
    Total Input Jitter      (TIJ):    0.000ns
    Discrete Jitter          (DJ):    0.000ns
    Phase Error              (PE):    0.000ns

    Location             Delay type                Incr(ns)  Path(ns)    Netlist Resource(s)
  -------------------------------------------------------------------    -------------------
    Y11                                               0.000     0.000 f  rst (IN)
                         net (fo=0)                   0.000     0.000    rst
    Y11                  IBUF (Prop_ibuf_I_O)         0.950     0.950 f  rst_IBUF_inst/O
                         net (fo=48, routed)          3.846     4.796    rst_IBUF
    SLICE_X43Y52         FDCE                                         f  result_reg[12]/CLR
  -------------------------------------------------------------------    -------------------

                         (clock sys_clk rise edge)    0.000     0.000 r  
    U14                                               0.000     0.000 r  clk (IN)
                         net (fo=0)                   0.000     0.000    clk
    U14                  IBUF (Prop_ibuf_I_O)         0.875     0.875 r  clk_IBUF_inst/O
                         net (fo=1, routed)           1.701     2.576    clk_IBUF
    BUFGCTRL_X0Y16       BUFG (Prop_bufg_I_O)         0.077     2.653 r  clk_IBUF_BUFG_inst/O
                         net (fo=48, routed)          1.235     3.888    clk_IBUF_BUFG
    SLICE_X43Y52         FDCE                                         r  result_reg[12]/C

Slack:                    inf
  Source:                 rst
                            (input port)
  Destination:            result_reg[13]/CLR
                            (recovery check against rising-edge clock sys_clk  {rise@0.000ns fall@2.500ns period=5.000ns})
  Path Group:             (none)
  Path Type:              Recovery (Max at Slow Process Corner)
  Data Path Delay:        4.796ns  (logic 0.950ns (19.814%)  route 3.846ns (80.186%))
  Logic Levels:           1  (IBUF=1)
  Clock Path Skew:        3.888ns (DCD - SCD + CPR)
    Destination Clock Delay (DCD):    3.888ns
    Source Clock Delay      (SCD):    0.000ns
    Clock Pessimism Removal (CPR):    0.000ns
  Clock Uncertainty:      0.025ns  ((TSJ^2 + TIJ^2)^1/2 + DJ) / 2 + PE
    Total System Jitter     (TSJ):    0.050ns
    Total Input Jitter      (TIJ):    0.000ns
    Discrete Jitter          (DJ):    0.000ns
    Phase Error              (PE):    0.000ns

    Location             Delay type                Incr(ns)  Path(ns)    Netlist Resource(s)
  -------------------------------------------------------------------    -------------------
    Y11                                               0.000     0.000 f  rst (IN)
                         net (fo=0)                   0.000     0.000    rst
    Y11                  IBUF (Prop_ibuf_I_O)         0.950     0.950 f  rst_IBUF_inst/O
                         net (fo=48, routed)          3.846     4.796    rst_IBUF
    SLICE_X43Y52         FDCE                                         f  result_reg[13]/CLR
  -------------------------------------------------------------------    -------------------

                         (clock sys_clk rise edge)    0.000     0.000 r  
    U14                                               0.000     0.000 r  clk (IN)
                         net (fo=0)                   0.000     0.000    clk
    U14                  IBUF (Prop_ibuf_I_O)         0.875     0.875 r  clk_IBUF_inst/O
                         net (fo=1, routed)           1.701     2.576    clk_IBUF
    BUFGCTRL_X0Y16       BUFG (Prop_bufg_I_O)         0.077     2.653 r  clk_IBUF_BUFG_inst/O
                         net (fo=48, routed)          1.235     3.888    clk_IBUF_BUFG
    SLICE_X43Y52         FDCE                                         r  result_reg[13]/C

Slack:                    inf
  Source:                 rst
                            (input port)
  Destination:            result_reg[14]/CLR
                            (recovery check against rising-edge clock sys_clk  {rise@0.000ns fall@2.500ns period=5.000ns})
  Path Group:             (none)
  Path Type:              Recovery (Max at Slow Process Corner)
  Data Path Delay:        4.796ns  (logic 0.950ns (19.814%)  route 3.846ns (80.186%))
  Logic Levels:           1  (IBUF=1)
  Clock Path Skew:        3.888ns (DCD - SCD + CPR)
    Destination Clock Delay (DCD):    3.888ns
    Source Clock Delay      (SCD):    0.000ns
    Clock Pessimism Removal (CPR):    0.000ns
  Clock Uncertainty:      0.025ns  ((TSJ^2 + TIJ^2)^1/2 + DJ) / 2 + PE
    Total System Jitter     (TSJ):    0.050ns
    Total Input Jitter      (TIJ):    0.000ns
    Discrete Jitter          (DJ):    0.000ns
    Phase Error              (PE):    0.000ns

    Location             Delay type                Incr(ns)  Path(ns)    Netlist Resource(s)
  -------------------------------------------------------------------    -------------------
    Y11                                               0.000     0.000 f  rst (IN)
                         net (fo=0)                   0.000     0.000    rst
    Y11                  IBUF (Prop_ibuf_I_O)         0.950     0.950 f  rst_IBUF_inst/O
                         net (fo=48, routed)          3.846     4.796    rst_IBUF
    SLICE_X43Y52         FDCE                                         f  result_reg[14]/CLR
  -------------------------------------------------------------------    -------------------

                         (clock sys_clk rise edge)    0.000     0.000 r  
    U14                                               0.000     0.000 r  clk (IN)
                         net (fo=0)                   0.000     0.000    clk
    U14                  IBUF (Prop_ibuf_I_O)         0.875     0.875 r  clk_IBUF_inst/O
                         net (fo=1, routed)           1.701     2.576    clk_IBUF
    BUFGCTRL_X0Y16       BUFG (Prop_bufg_I_O)         0.077     2.653 r  clk_IBUF_BUFG_inst/O
                         net (fo=48, routed)          1.235     3.888    clk_IBUF_BUFG
    SLICE_X43Y52         FDCE                                         r  result_reg[14]/C





Min Delay Paths
--------------------------------------------------------------------------------------
Slack:                    inf
  Source:                 c[5]
                            (input port)
  Destination:            c_reg_reg[5]/D
                            (rising edge-triggered cell FDCE clocked by sys_clk  {rise@0.000ns fall@2.500ns period=5.000ns})
  Path Group:             (none)
  Path Type:              Hold (Min at Fast Process Corner)
  Data Path Delay:        1.339ns  (logic 0.212ns (15.859%)  route 1.127ns (84.141%))
  Logic Levels:           1  (IBUF=1)
  Clock Path Skew:        2.082ns (DCD - SCD - CPR)
    Destination Clock Delay (DCD):    2.082ns
    Source Clock Delay      (SCD):    0.000ns
    Clock Pessimism Removal (CPR):    -0.000ns

    Location             Delay type                Incr(ns)  Path(ns)    Netlist Resource(s)
  -------------------------------------------------------------------    -------------------
    W16                                               0.000     0.000 r  c[5] (IN)
                         net (fo=0)                   0.000     0.000    c[5]
    W16                  IBUF (Prop_ibuf_I_O)         0.212     0.212 r  c_IBUF[5]_inst/O
                         net (fo=1, routed)           1.127     1.339    c_IBUF[5]
    SLICE_X47Y49         FDCE                                         r  c_reg_reg[5]/D
  -------------------------------------------------------------------    -------------------

                         (clock sys_clk rise edge)    0.000     0.000 r  
    U14                                               0.000     0.000 r  clk (IN)
                         net (fo=0)                   0.000     0.000    clk
    U14                  IBUF (Prop_ibuf_I_O)         0.492     0.492 r  clk_IBUF_inst/O
                         net (fo=1, routed)           0.731     1.223    clk_IBUF
    BUFGCTRL_X0Y16       BUFG (Prop_bufg_I_O)         0.029     1.252 r  clk_IBUF_BUFG_inst/O
                         net (fo=48, routed)          0.830     2.082    clk_IBUF_BUFG
    SLICE_X47Y49         FDCE                                         r  c_reg_reg[5]/C

Slack:                    inf
  Source:                 d[0]
                            (input port)
  Destination:            d_reg_reg[0]/D
                            (rising edge-triggered cell FDCE clocked by sys_clk  {rise@0.000ns fall@2.500ns period=5.000ns})
  Path Group:             (none)
  Path Type:              Hold (Min at Fast Process Corner)
  Data Path Delay:        1.418ns  (logic 0.238ns (16.788%)  route 1.180ns (83.212%))
  Logic Levels:           1  (IBUF=1)
  Clock Path Skew:        2.077ns (DCD - SCD - CPR)
    Destination Clock Delay (DCD):    2.077ns
    Source Clock Delay      (SCD):    0.000ns
    Clock Pessimism Removal (CPR):    -0.000ns

    Location             Delay type                Incr(ns)  Path(ns)    Netlist Resource(s)
  -------------------------------------------------------------------    -------------------
    Y18                                               0.000     0.000 r  d[0] (IN)
                         net (fo=0)                   0.000     0.000    d[0]
    Y18                  IBUF (Prop_ibuf_I_O)         0.238     0.238 r  d_IBUF[0]_inst/O
                         net (fo=1, routed)           1.180     1.418    d_IBUF[0]
    SLICE_X49Y50         FDCE                                         r  d_reg_reg[0]/D
  -------------------------------------------------------------------    -------------------

                         (clock sys_clk rise edge)    0.000     0.000 r  
    U14                                               0.000     0.000 r  clk (IN)
                         net (fo=0)                   0.000     0.000    clk
    U14                  IBUF (Prop_ibuf_I_O)         0.492     0.492 r  clk_IBUF_inst/O
                         net (fo=1, routed)           0.731     1.223    clk_IBUF
    BUFGCTRL_X0Y16       BUFG (Prop_bufg_I_O)         0.029     1.252 r  clk_IBUF_BUFG_inst/O
                         net (fo=48, routed)          0.825     2.077    clk_IBUF_BUFG
    SLICE_X49Y50         FDCE                                         r  d_reg_reg[0]/C

Slack:                    inf
  Source:                 d[1]
                            (input port)
  Destination:            d_reg_reg[1]/D
                            (rising edge-triggered cell FDCE clocked by sys_clk  {rise@0.000ns fall@2.500ns period=5.000ns})
  Path Group:             (none)
  Path Type:              Hold (Min at Fast Process Corner)
  Data Path Delay:        1.462ns  (logic 0.242ns (16.548%)  route 1.220ns (83.452%))
  Logic Levels:           1  (IBUF=1)
  Clock Path Skew:        2.077ns (DCD - SCD - CPR)
    Destination Clock Delay (DCD):    2.077ns
    Source Clock Delay      (SCD):    0.000ns
    Clock Pessimism Removal (CPR):    -0.000ns

    Location             Delay type                Incr(ns)  Path(ns)    Netlist Resource(s)
  -------------------------------------------------------------------    -------------------
    W20                                               0.000     0.000 r  d[1] (IN)
                         net (fo=0)                   0.000     0.000    d[1]
    W20                  IBUF (Prop_ibuf_I_O)         0.242     0.242 r  d_IBUF[1]_inst/O
                         net (fo=1, routed)           1.220     1.462    d_IBUF[1]
    SLICE_X49Y50         FDCE                                         r  d_reg_reg[1]/D
  -------------------------------------------------------------------    -------------------

                         (clock sys_clk rise edge)    0.000     0.000 r  
    U14                                               0.000     0.000 r  clk (IN)
                         net (fo=0)                   0.000     0.000    clk
    U14                  IBUF (Prop_ibuf_I_O)         0.492     0.492 r  clk_IBUF_inst/O
                         net (fo=1, routed)           0.731     1.223    clk_IBUF
    BUFGCTRL_X0Y16       BUFG (Prop_bufg_I_O)         0.029     1.252 r  clk_IBUF_BUFG_inst/O
                         net (fo=48, routed)          0.825     2.077    clk_IBUF_BUFG
    SLICE_X49Y50         FDCE                                         r  d_reg_reg[1]/C

Slack:                    inf
  Source:                 b[3]
                            (input port)
  Destination:            b_reg_reg[3]/D
                            (rising edge-triggered cell FDCE clocked by sys_clk  {rise@0.000ns fall@2.500ns period=5.000ns})
  Path Group:             (none)
  Path Type:              Hold (Min at Fast Process Corner)
  Data Path Delay:        1.515ns  (logic 0.175ns (11.556%)  route 1.340ns (88.444%))
  Logic Levels:           1  (IBUF=1)
  Clock Path Skew:        2.077ns (DCD - SCD - CPR)
    Destination Clock Delay (DCD):    2.077ns
    Source Clock Delay      (SCD):    0.000ns
    Clock Pessimism Removal (CPR):    -0.000ns

    Location             Delay type                Incr(ns)  Path(ns)    Netlist Resource(s)
  -------------------------------------------------------------------    -------------------
    P18                                               0.000     0.000 r  b[3] (IN)
                         net (fo=0)                   0.000     0.000    b[3]
    P18                  IBUF (Prop_ibuf_I_O)         0.175     0.175 r  b_IBUF[3]_inst/O
                         net (fo=1, routed)           1.340     1.515    b_IBUF[3]
    SLICE_X44Y50         FDCE                                         r  b_reg_reg[3]/D
  -------------------------------------------------------------------    -------------------

                         (clock sys_clk rise edge)    0.000     0.000 r  
    U14                                               0.000     0.000 r  clk (IN)
                         net (fo=0)                   0.000     0.000    clk
    U14                  IBUF (Prop_ibuf_I_O)         0.492     0.492 r  clk_IBUF_inst/O
                         net (fo=1, routed)           0.731     1.223    clk_IBUF
    BUFGCTRL_X0Y16       BUFG (Prop_bufg_I_O)         0.029     1.252 r  clk_IBUF_BUFG_inst/O
                         net (fo=48, routed)          0.825     2.077    clk_IBUF_BUFG
    SLICE_X44Y50         FDCE                                         r  b_reg_reg[3]/C

Slack:                    inf
  Source:                 b[7]
                            (input port)
  Destination:            b_reg_reg[7]/D
                            (rising edge-triggered cell FDCE clocked by sys_clk  {rise@0.000ns fall@2.500ns period=5.000ns})
  Path Group:             (none)
  Path Type:              Hold (Min at Fast Process Corner)
  Data Path Delay:        1.538ns  (logic 0.217ns (14.104%)  route 1.321ns (85.896%))
  Logic Levels:           1  (IBUF=1)
  Clock Path Skew:        2.077ns (DCD - SCD - CPR)
    Destination Clock Delay (DCD):    2.077ns
    Source Clock Delay      (SCD):    0.000ns
    Clock Pessimism Removal (CPR):    -0.000ns

    Location             Delay type                Incr(ns)  Path(ns)    Netlist Resource(s)
  -------------------------------------------------------------------    -------------------
    V18                                               0.000     0.000 r  b[7] (IN)
                         net (fo=0)                   0.000     0.000    b[7]
    V18                  IBUF (Prop_ibuf_I_O)         0.217     0.217 r  b_IBUF[7]_inst/O
                         net (fo=1, routed)           1.321     1.538    b_IBUF[7]
    SLICE_X48Y50         FDCE                                         r  b_reg_reg[7]/D
  -------------------------------------------------------------------    -------------------

                         (clock sys_clk rise edge)    0.000     0.000 r  
    U14                                               0.000     0.000 r  clk (IN)
                         net (fo=0)                   0.000     0.000    clk
    U14                  IBUF (Prop_ibuf_I_O)         0.492     0.492 r  clk_IBUF_inst/O
                         net (fo=1, routed)           0.731     1.223    clk_IBUF
    BUFGCTRL_X0Y16       BUFG (Prop_bufg_I_O)         0.029     1.252 r  clk_IBUF_BUFG_inst/O
                         net (fo=48, routed)          0.825     2.077    clk_IBUF_BUFG
    SLICE_X48Y50         FDCE                                         r  b_reg_reg[7]/C

Slack:                    inf
  Source:                 b[5]
                            (input port)
  Destination:            b_reg_reg[5]/D
                            (rising edge-triggered cell FDCE clocked by sys_clk  {rise@0.000ns fall@2.500ns period=5.000ns})
  Path Group:             (none)
  Path Type:              Hold (Min at Fast Process Corner)
  Data Path Delay:        1.596ns  (logic 0.201ns (12.566%)  route 1.395ns (87.434%))
  Logic Levels:           1  (IBUF=1)
  Clock Path Skew:        2.077ns (DCD - SCD - CPR)
    Destination Clock Delay (DCD):    2.077ns
    Source Clock Delay      (SCD):    0.000ns
    Clock Pessimism Removal (CPR):    -0.000ns

    Location             Delay type                Incr(ns)  Path(ns)    Netlist Resource(s)
  -------------------------------------------------------------------    -------------------
    W19                                               0.000     0.000 r  b[5] (IN)
                         net (fo=0)                   0.000     0.000    b[5]
    W19                  IBUF (Prop_ibuf_I_O)         0.201     0.201 r  b_IBUF[5]_inst/O
                         net (fo=1, routed)           1.395     1.596    b_IBUF[5]
    SLICE_X45Y51         FDCE                                         r  b_reg_reg[5]/D
  -------------------------------------------------------------------    -------------------

                         (clock sys_clk rise edge)    0.000     0.000 r  
    U14                                               0.000     0.000 r  clk (IN)
                         net (fo=0)                   0.000     0.000    clk
    U14                  IBUF (Prop_ibuf_I_O)         0.492     0.492 r  clk_IBUF_inst/O
                         net (fo=1, routed)           0.731     1.223    clk_IBUF
    BUFGCTRL_X0Y16       BUFG (Prop_bufg_I_O)         0.029     1.252 r  clk_IBUF_BUFG_inst/O
                         net (fo=48, routed)          0.825     2.077    clk_IBUF_BUFG
    SLICE_X45Y51         FDCE                                         r  b_reg_reg[5]/C

Slack:                    inf
  Source:                 b[6]
                            (input port)
  Destination:            b_reg_reg[6]/D
                            (rising edge-triggered cell FDCE clocked by sys_clk  {rise@0.000ns fall@2.500ns period=5.000ns})
  Path Group:             (none)
  Path Type:              Hold (Min at Fast Process Corner)
  Data Path Delay:        1.599ns  (logic 0.204ns (12.762%)  route 1.395ns (87.238%))
  Logic Levels:           1  (IBUF=1)
  Clock Path Skew:        2.077ns (DCD - SCD - CPR)
    Destination Clock Delay (DCD):    2.077ns
    Source Clock Delay      (SCD):    0.000ns
    Clock Pessimism Removal (CPR):    -0.000ns

    Location             Delay type                Incr(ns)  Path(ns)    Netlist Resource(s)
  -------------------------------------------------------------------    -------------------
    W18                                               0.000     0.000 r  b[6] (IN)
                         net (fo=0)                   0.000     0.000    b[6]
    W18                  IBUF (Prop_ibuf_I_O)         0.204     0.204 r  b_IBUF[6]_inst/O
                         net (fo=1, routed)           1.395     1.599    b_IBUF[6]
    SLICE_X46Y51         FDCE                                         r  b_reg_reg[6]/D
  -------------------------------------------------------------------    -------------------

                         (clock sys_clk rise edge)    0.000     0.000 r  
    U14                                               0.000     0.000 r  clk (IN)
                         net (fo=0)                   0.000     0.000    clk
    U14                  IBUF (Prop_ibuf_I_O)         0.492     0.492 r  clk_IBUF_inst/O
                         net (fo=1, routed)           0.731     1.223    clk_IBUF
    BUFGCTRL_X0Y16       BUFG (Prop_bufg_I_O)         0.029     1.252 r  clk_IBUF_BUFG_inst/O
                         net (fo=48, routed)          0.825     2.077    clk_IBUF_BUFG
    SLICE_X46Y51         FDCE                                         r  b_reg_reg[6]/C

Slack:                    inf
  Source:                 c[3]
                            (input port)
  Destination:            c_reg_reg[3]/D
                            (rising edge-triggered cell FDCE clocked by sys_clk  {rise@0.000ns fall@2.500ns period=5.000ns})
  Path Group:             (none)
  Path Type:              Hold (Min at Fast Process Corner)
  Data Path Delay:        1.611ns  (logic 0.187ns (11.627%)  route 1.424ns (88.373%))
  Logic Levels:           1  (IBUF=1)
  Clock Path Skew:        2.077ns (DCD - SCD - CPR)
    Destination Clock Delay (DCD):    2.077ns
    Source Clock Delay      (SCD):    0.000ns
    Clock Pessimism Removal (CPR):    -0.000ns

    Location             Delay type                Incr(ns)  Path(ns)    Netlist Resource(s)
  -------------------------------------------------------------------    -------------------
    R17                                               0.000     0.000 r  c[3] (IN)
                         net (fo=0)                   0.000     0.000    c[3]
    R17                  IBUF (Prop_ibuf_I_O)         0.187     0.187 r  c_IBUF[3]_inst/O
                         net (fo=1, routed)           1.424     1.611    c_IBUF[3]
    SLICE_X48Y50         FDCE                                         r  c_reg_reg[3]/D
  -------------------------------------------------------------------    -------------------

                         (clock sys_clk rise edge)    0.000     0.000 r  
    U14                                               0.000     0.000 r  clk (IN)
                         net (fo=0)                   0.000     0.000    clk
    U14                  IBUF (Prop_ibuf_I_O)         0.492     0.492 r  clk_IBUF_inst/O
                         net (fo=1, routed)           0.731     1.223    clk_IBUF
    BUFGCTRL_X0Y16       BUFG (Prop_bufg_I_O)         0.029     1.252 r  clk_IBUF_BUFG_inst/O
                         net (fo=48, routed)          0.825     2.077    clk_IBUF_BUFG
    SLICE_X48Y50         FDCE                                         r  c_reg_reg[3]/C

Slack:                    inf
  Source:                 b[2]
                            (input port)
  Destination:            b_reg_reg[2]/D
                            (rising edge-triggered cell FDCE clocked by sys_clk  {rise@0.000ns fall@2.500ns period=5.000ns})
  Path Group:             (none)
  Path Type:              Hold (Min at Fast Process Corner)
  Data Path Delay:        1.623ns  (logic 0.194ns (11.925%)  route 1.430ns (88.075%))
  Logic Levels:           1  (IBUF=1)
  Clock Path Skew:        2.077ns (DCD - SCD - CPR)
    Destination Clock Delay (DCD):    2.077ns
    Source Clock Delay      (SCD):    0.000ns
    Clock Pessimism Removal (CPR):    -0.000ns

    Location             Delay type                Incr(ns)  Path(ns)    Netlist Resource(s)
  -------------------------------------------------------------------    -------------------
    P15                                               0.000     0.000 r  b[2] (IN)
                         net (fo=0)                   0.000     0.000    b[2]
    P15                  IBUF (Prop_ibuf_I_O)         0.194     0.194 r  b_IBUF[2]_inst/O
                         net (fo=1, routed)           1.430     1.623    b_IBUF[2]
    SLICE_X47Y51         FDCE                                         r  b_reg_reg[2]/D
  -------------------------------------------------------------------    -------------------

                         (clock sys_clk rise edge)    0.000     0.000 r  
    U14                                               0.000     0.000 r  clk (IN)
                         net (fo=0)                   0.000     0.000    clk
    U14                  IBUF (Prop_ibuf_I_O)         0.492     0.492 r  clk_IBUF_inst/O
                         net (fo=1, routed)           0.731     1.223    clk_IBUF
    BUFGCTRL_X0Y16       BUFG (Prop_bufg_I_O)         0.029     1.252 r  clk_IBUF_BUFG_inst/O
                         net (fo=48, routed)          0.825     2.077    clk_IBUF_BUFG
    SLICE_X47Y51         FDCE                                         r  b_reg_reg[2]/C

Slack:                    inf
  Source:                 d[4]
                            (input port)
  Destination:            d_reg_reg[4]/D
                            (rising edge-triggered cell FDCE clocked by sys_clk  {rise@0.000ns fall@2.500ns period=5.000ns})
  Path Group:             (none)
  Path Type:              Hold (Min at Fast Process Corner)
  Data Path Delay:        1.643ns  (logic 0.198ns (12.076%)  route 1.445ns (87.924%))
  Logic Levels:           1  (IBUF=1)
  Clock Path Skew:        2.076ns (DCD - SCD - CPR)
    Destination Clock Delay (DCD):    2.076ns
    Source Clock Delay      (SCD):    0.000ns
    Clock Pessimism Removal (CPR):    -0.000ns

    Location             Delay type                Incr(ns)  Path(ns)    Netlist Resource(s)
  -------------------------------------------------------------------    -------------------
    T20                                               0.000     0.000 r  d[4] (IN)
                         net (fo=0)                   0.000     0.000    d[4]
    T20                  IBUF (Prop_ibuf_I_O)         0.198     0.198 r  d_IBUF[4]_inst/O
                         net (fo=1, routed)           1.445     1.643    d_IBUF[4]
    SLICE_X48Y53         FDCE                                         r  d_reg_reg[4]/D
  -------------------------------------------------------------------    -------------------

                         (clock sys_clk rise edge)    0.000     0.000 r  
    U14                                               0.000     0.000 r  clk (IN)
                         net (fo=0)                   0.000     0.000    clk
    U14                  IBUF (Prop_ibuf_I_O)         0.492     0.492 r  clk_IBUF_inst/O
                         net (fo=1, routed)           0.731     1.223    clk_IBUF
    BUFGCTRL_X0Y16       BUFG (Prop_bufg_I_O)         0.029     1.252 r  clk_IBUF_BUFG_inst/O
                         net (fo=48, routed)          0.824     2.076    clk_IBUF_BUFG
    SLICE_X48Y53         FDCE                                         r  d_reg_reg[4]/C





